ID,Build Version,Expected Result,Actual Result,Test Status,Browser Name
00-01,Prototype,2,2,PASS,Google Chrome
00-01,Prototype,2,2,PASS,Firefox
00-01,Prototype,2,2,PASS,Microsoft Edge
00-02,Prototype,0.3,0.30000000000000004,FAIL,Google Chrome
00-02,Prototype,0.3,0.30000000000000004,FAIL,Firefox
00-02,Prototype,0.3,0.30000000000000004,FAIL,Microsoft Edge
00-03,Prototype,NONE,NONE,PASS,Google Chrome
00-03,Prototype,NONE,NONE,PASS,Firefox
00-03,Prototype,NONE,NONE,PASS,Microsoft Edge
00-04,Prototype,NONE,NONE,PASS,Google Chrome
00-04,Prototype,NONE,NONE,PASS,Firefox
00-04,Prototype,NONE,NONE,PASS,Microsoft Edge
00-05,Prototype,10,10,PASS,Google Chrome
00-05,Prototype,10,10,PASS,Firefox
00-05,Prototype,10,10,PASS,Microsoft Edge
00-06,Prototype,10.1,10.1,PASS,Google Chrome
00-06,Prototype,10.1,10.1,PASS,Firefox
00-06,Prototype,10.1,10.1,PASS,Microsoft Edge
00-07,Prototype,0,0,PASS,Google Chrome
00-07,Prototype,0,0,PASS,Firefox
00-07,Prototype,0,0,PASS,Microsoft Edge
00-08,Prototype,1999999998,1999999998,PASS,Google Chrome
00-08,Prototype,1999999998,1999999998,PASS,Firefox
00-08,Prototype,1999999998,1999999998,PASS,Microsoft Edge
00-09,Prototype,9999999999,9999999999,PASS,Google Chrome
00-09,Prototype,9999999999,9999999999,PASS,Firefox
00-09,Prototype,9999999999,9999999999,PASS,Microsoft Edge
00-10,Prototype,9999999999.1,9999999999.1,PASS,Google Chrome
00-10,Prototype,9999999999.1,9999999999.1,PASS,Firefox
00-10,Prototype,9999999999.1,9999999999.1,PASS,Microsoft Edge
00-11,Prototype,0.22222222,0.22222222,PASS,Google Chrome
00-11,Prototype,0.22222222,0.22222222,PASS,Firefox
00-11,Prototype,0.22222222,0.22222222,PASS,Microsoft Edge
00-12,Prototype,-1999999998,-1999999998,PASS,Google Chrome
00-12,Prototype,-1999999998,-1999999998,PASS,Firefox
00-12,Prototype,-1999999998,-1999999998,PASS,Microsoft Edge
00-13,Prototype,0,0,PASS,Google Chrome
00-13,Prototype,0,0,PASS,Firefox
00-13,Prototype,0,0,PASS,Microsoft Edge
00-14,Prototype,0,1,FAIL,Google Chrome
00-14,Prototype,0,1,FAIL,Firefox
00-14,Prototype,0,1,FAIL,Microsoft Edge
00-15,Prototype,0.00000001,1e-8,FAIL,Google Chrome
00-15,Prototype,0.00000001,1e-8,FAIL,Firefox
00-15,Prototype,0.00000001,1e-8,FAIL,Microsoft Edge
00-16,Prototype,0,0,PASS,Google Chrome
00-16,Prototype,0,0,PASS,Firefox
00-16,Prototype,0,0,PASS,Microsoft Edge
00-17,Prototype,0,0,PASS,Google Chrome
00-17,Prototype,0,0,PASS,Firefox
00-17,Prototype,0,0,PASS,Microsoft Edge
00-18,Prototype,1999999998,1999999998,PASS,Google Chrome
00-18,Prototype,1999999998,1999999998,PASS,Firefox
00-18,Prototype,1999999998,1999999998,PASS,Microsoft Edge
00-19,Prototype,-1999999998,-1999999998,PASS,Google Chrome
00-19,Prototype,-1999999998,-1999999998,PASS,Firefox
00-19,Prototype,-1999999998,-1999999998,PASS,Microsoft Edge
00-20,Prototype,-19999999,-1.9999999000000002,FAIL,Google Chrome
00-20,Prototype,-19999999,-1.9999999000000002,FAIL,Firefox
00-20,Prototype,-19999999,-1.9999999000000002,FAIL,Microsoft Edge
00-21,Prototype,-2.1,-2.1,PASS,Google Chrome
00-21,Prototype,-2.1,-2.1,PASS,Firefox
00-21,Prototype,-2.1,-2.1,PASS,Microsoft Edge
00-22,Prototype,0.1,0.10000000000000009,FAIL,Google Chrome
00-22,Prototype,0.1,0.10000000000000009,FAIL,Firefox
00-22,Prototype,0.1,0.10000000000000009,FAIL,Microsoft Edge
00-23,Prototype,NONE,NONE,PASS,Google Chrome
00-23,Prototype,NONE,NONE,PASS,Firefox
00-23,Prototype,NONE,NONE,PASS,Microsoft Edge
00-24,Prototype,NONE,NONE,PASS,Google Chrome
00-24,Prototype,NONE,NONE,PASS,Firefox
00-24,Prototype,NONE,NONE,PASS,Microsoft Edge
00-25,Prototype,0,0,PASS,Google Chrome
00-25,Prototype,0,0,PASS,Firefox
00-25,Prototype,0,0,PASS,Microsoft Edge
00-26,Prototype,3.45,3.45,PASS,Google Chrome
00-26,Prototype,3.45,3.45,PASS,Firefox
00-26,Prototype,3.45,3.45,PASS,Microsoft Edge
00-27,Prototype,-0.1000001,-0.10000010000000001,FAIL,Google Chrome
00-27,Prototype,-0.1000001,-0.10000010000000001,FAIL,Firefox
00-27,Prototype,-0.1000001,-0.10000010000000001,FAIL,Microsoft Edge
00-28,Prototype,-1999999998,-1999999998,PASS,Google Chrome
00-28,Prototype,-1999999998,-1999999998,PASS,Firefox
00-28,Prototype,-1999999998,-1999999998,PASS,Microsoft Edge
00-29,Prototype,0.022,0.022000000000000002,FAIL,Google Chrome
00-29,Prototype,0.022,0.022000000000000002,FAIL,Firefox
00-29,Prototype,0.022,0.022000000000000002,FAIL,Microsoft Edge
00-30,Prototype,10,10,PASS,Google Chrome
00-30,Prototype,10,10,PASS,Firefox
00-30,Prototype,10,10,PASS,Microsoft Edge
00-31,Prototype,0.11,0.11000000000000001,FAIL,Google Chrome
00-31,Prototype,0.11,0.11000000000000001,FAIL,Firefox
00-31,Prototype,0.11,0.11000000000000001,FAIL,Microsoft Edge
00-32,Prototype,0,0,PASS,Google Chrome
00-32,Prototype,0,0,PASS,Firefox
00-32,Prototype,0,0,PASS,Microsoft Edge
00-33,Prototype,10100,10100,PASS,Google Chrome
00-33,Prototype,10100,10100,PASS,Firefox
00-33,Prototype,10100,10100,PASS,Microsoft Edge
00-34,Prototype,2.2,2,FAIL,Google Chrome
00-34,Prototype,2.2,2,FAIL,Firefox
00-34,Prototype,2.2,2,FAIL,Microsoft Edge
00-35,Prototype,NONE,NONE,PASS,Google Chrome
00-35,Prototype,NONE,NONE,PASS,Firefox
00-35,Prototype,NONE,NONE,PASS,Microsoft Edge
00-36,Prototype,NONE,NONE,PASS,Google Chrome
00-36,Prototype,NONE,NONE,PASS,Firefox
00-36,Prototype,NONE,NONE,PASS,Microsoft Edge
00-37,Prototype,11,11,PASS,Google Chrome
00-37,Prototype,11,11,PASS,Firefox
00-37,Prototype,11,11,PASS,Microsoft Edge
00-38,Prototype,9,9,PASS,Google Chrome
00-38,Prototype,9,9,PASS,Firefox
00-38,Prototype,9,9,PASS,Microsoft Edge
00-39,Prototype,0,0,PASS,Google Chrome
00-39,Prototype,0,0,PASS,Firefox
00-39,Prototype,0,0,PASS,Microsoft Edge
00-40,Prototype,0,0,PASS,Google Chrome
00-40,Prototype,0,0,PASS,Firefox
00-40,Prototype,0,0,PASS,Microsoft Edge
00-41,Prototype,NONE,NONE,PASS,Google Chrome
00-41,Prototype,NONE,NONE,PASS,Firefox
00-41,Prototype,NONE,NONE,PASS,Microsoft Edge
00-42,Prototype,0.02,0.02,PASS,Google Chrome
00-42,Prototype,0.02,0.02,PASS,Firefox
00-42,Prototype,0.02,0.02,PASS,Microsoft Edge
00-43,Prototype,500,500,PASS,Google Chrome
00-43,Prototype,500,500,PASS,Firefox
00-43,Prototype,500,500,PASS,Microsoft Edge
00-44,Prototype,-39999999996,-39999999996,PASS,Google Chrome
00-44,Prototype,-39999999996,-39999999996,PASS,Firefox
00-44,Prototype,-39999999996,-39999999996,PASS,Microsoft Edge
00-45,Prototype,NONE,NONE,PASS,Google Chrome
00-45,Prototype,NONE,NONE,PASS,Firefox
00-45,Prototype,NONE,NONE,PASS,Microsoft Edge
00-46,Prototype,0,0,PASS,Google Chrome
00-46,Prototype,0,0,PASS,Firefox
00-46,Prototype,0,0,PASS,Microsoft Edge
00-47,Prototype,0,0,PASS,Google Chrome
00-47,Prototype,0,0,PASS,Firefox
00-47,Prototype,0,0,PASS,Microsoft Edge
00-48,Prototype,1,1,PASS,Google Chrome
00-48,Prototype,1,1,PASS,Firefox
00-48,Prototype,1,1,PASS,Microsoft Edge
00-49,Prototype,-1,-10.000000009,FAIL,Google Chrome
00-49,Prototype,-1,-10.000000009,FAIL,Firefox
00-49,Prototype,-1,-10.000000009,FAIL,Microsoft Edge
00-50,Prototype,9999999990,99999999990,FAIL,Google Chrome
00-50,Prototype,9999999990,99999999990,FAIL,Firefox
00-50,Prototype,9999999990,99999999990,FAIL,Microsoft Edge
00-51,Prototype,,NONE,FAIL,Google Chrome
00-51,Prototype,,NONE,FAIL,Firefox
00-51,Prototype,,NONE,FAIL,Microsoft Edge
00-52,Prototype,A1,A1,PASS,Google Chrome
00-52,Prototype,A1,A1,PASS,Firefox
00-52,Prototype,A1,A1,PASS,Microsoft Edge
00-53,Prototype,10.1,10.1,PASS,Google Chrome
00-53,Prototype,10.1,10.1,PASS,Firefox
00-53,Prototype,10.1,10.1,PASS,Microsoft Edge
00-54,Prototype,10000000000.1,10000000000.1,PASS,Google Chrome
00-54,Prototype,10000000000.1,10000000000.1,PASS,Firefox
00-54,Prototype,10000000000.1,10000000000.1,PASS,Microsoft Edge
00-55,Prototype,1,1,PASS,Google Chrome
00-55,Prototype,1,1,PASS,Firefox
00-55,Prototype,1,1,PASS,Microsoft Edge
00-56,Prototype,0.1111,0.1111,PASS,Google Chrome
00-56,Prototype,0.1111,0.1111,PASS,Firefox
00-56,Prototype,0.1111,0.1111,PASS,Microsoft Edge
00-57,Prototype,ASDASD,ASDASD,PASS,Google Chrome
00-57,Prototype,ASDASD,ASDASD,PASS,Firefox
00-57,Prototype,ASDASD,ASDASD,PASS,Microsoft Edge
00-58,Prototype,99999999990.00000001,99999999990.00000001,PASS,Google Chrome
00-58,Prototype,99999999990.00000001,99999999990.00000001,PASS,Firefox
00-58,Prototype,99999999990.00000001,99999999990.00000001,PASS,Microsoft Edge
00-59,Prototype,0.11,0.11,PASS,Google Chrome
00-59,Prototype,0.11,0.11,PASS,Firefox
00-59,Prototype,0.11,0.11,PASS,Microsoft Edge
00-60,Prototype,.1.2.0,.1.2.0,PASS,Google Chrome
00-60,Prototype,.1.2.0,.1.2.0,PASS,Firefox
00-60,Prototype,.1.2.0,.1.2.0,PASS,Microsoft Edge
01-01,1,2,2,PASS,Google Chrome
01-01,1,2,2,PASS,Firefox
01-01,1,2,2,PASS,Microsoft Edge
01-02,1,0.3,0.30000000000000004,FAIL,Google Chrome
01-02,1,0.3,0.30000000000000004,FAIL,Firefox
01-02,1,0.3,0.30000000000000004,FAIL,Microsoft Edge
01-03,1,NONE,NONE,PASS,Google Chrome
01-03,1,NONE,NONE,PASS,Firefox
01-03,1,NONE,NONE,PASS,Microsoft Edge
01-04,1,NONE,NONE,PASS,Google Chrome
01-04,1,NONE,NONE,PASS,Firefox
01-04,1,NONE,NONE,PASS,Microsoft Edge
01-05,1,10,10,PASS,Google Chrome
01-05,1,10,10,PASS,Firefox
01-05,1,10,10,PASS,Microsoft Edge
01-06,1,10.1,10.1,PASS,Google Chrome
01-06,1,10.1,10.1,PASS,Firefox
01-06,1,10.1,10.1,PASS,Microsoft Edge
01-07,1,0,0,PASS,Google Chrome
01-07,1,0,0,PASS,Firefox
01-07,1,0,0,PASS,Microsoft Edge
01-08,1,1999999998,1999999998,PASS,Google Chrome
01-08,1,1999999998,1999999998,PASS,Firefox
01-08,1,1999999998,1999999998,PASS,Microsoft Edge
01-09,1,9999999999,9999999999,PASS,Google Chrome
01-09,1,9999999999,9999999999,PASS,Firefox
01-09,1,9999999999,9999999999,PASS,Microsoft Edge
01-10,1,9999999999.1,9999999999.1,PASS,Google Chrome
01-10,1,9999999999.1,9999999999.1,PASS,Firefox
01-10,1,9999999999.1,9999999999.1,PASS,Microsoft Edge
01-11,1,0.22222222,0.22222222,PASS,Google Chrome
01-11,1,0.22222222,0.22222222,PASS,Firefox
01-11,1,0.22222222,0.22222222,PASS,Microsoft Edge
01-12,1,-1999999998,-1999999998,PASS,Google Chrome
01-12,1,-1999999998,-1999999998,PASS,Firefox
01-12,1,-1999999998,-1999999998,PASS,Microsoft Edge
01-13,1,0,0,PASS,Google Chrome
01-13,1,0,0,PASS,Firefox
01-13,1,0,0,PASS,Microsoft Edge
01-14,1,0,1,FAIL,Google Chrome
01-14,1,0,1,FAIL,Firefox
01-14,1,0,1,FAIL,Microsoft Edge
01-15,1,0.00000001,1e-8,FAIL,Google Chrome
01-15,1,0.00000001,1e-8,FAIL,Firefox
01-15,1,0.00000001,1e-8,FAIL,Microsoft Edge
01-16,1,0,0,PASS,Google Chrome
01-16,1,0,0,PASS,Firefox
01-16,1,0,0,PASS,Microsoft Edge
01-17,1,0,0,PASS,Google Chrome
01-17,1,0,0,PASS,Firefox
01-17,1,0,0,PASS,Microsoft Edge
01-18,1,1999999998,1999999998,PASS,Google Chrome
01-18,1,1999999998,1999999998,PASS,Firefox
01-18,1,1999999998,1999999998,PASS,Microsoft Edge
01-19,1,-1999999998,-1999999998,PASS,Google Chrome
01-19,1,-1999999998,-1999999998,PASS,Firefox
01-19,1,-1999999998,-1999999998,PASS,Microsoft Edge
01-20,1,-19999999,-1.9999999000000002,FAIL,Google Chrome
01-20,1,-19999999,-1.9999999000000002,FAIL,Firefox
01-20,1,-19999999,-1.9999999000000002,FAIL,Microsoft Edge
01-21,1,-2.1,-2.1,PASS,Google Chrome
01-21,1,-2.1,-2.1,PASS,Firefox
01-21,1,-2.1,-2.1,PASS,Microsoft Edge
01-22,1,0.1,0.10000000000000009,FAIL,Google Chrome
01-22,1,0.1,0.10000000000000009,FAIL,Firefox
01-22,1,0.1,0.10000000000000009,FAIL,Microsoft Edge
01-23,1,NONE,NONE,PASS,Google Chrome
01-23,1,NONE,NONE,PASS,Firefox
01-23,1,NONE,NONE,PASS,Microsoft Edge
01-24,1,NONE,NONE,PASS,Google Chrome
01-24,1,NONE,NONE,PASS,Firefox
01-24,1,NONE,NONE,PASS,Microsoft Edge
01-25,1,0,0,PASS,Google Chrome
01-25,1,0,0,PASS,Firefox
01-25,1,0,0,PASS,Microsoft Edge
01-26,1,3.45,3.45,PASS,Google Chrome
01-26,1,3.45,3.45,PASS,Firefox
01-26,1,3.45,3.45,PASS,Microsoft Edge
01-27,1,-0.1000001,-0.10000010000000001,FAIL,Google Chrome
01-27,1,-0.1000001,-0.10000010000000001,FAIL,Firefox
01-27,1,-0.1000001,-0.10000010000000001,FAIL,Microsoft Edge
01-28,1,-1999999998,-1999999998,PASS,Google Chrome
01-28,1,-1999999998,-1999999998,PASS,Firefox
01-28,1,-1999999998,-1999999998,PASS,Microsoft Edge
01-29,1,0.022,0.022000000000000002,FAIL,Google Chrome
01-29,1,0.022,0.022000000000000002,FAIL,Firefox
01-29,1,0.022,0.022000000000000002,FAIL,Microsoft Edge
01-30,1,10,10,PASS,Google Chrome
01-30,1,10,10,PASS,Firefox
01-30,1,10,10,PASS,Microsoft Edge
01-31,1,0.11,0.11000000000000001,FAIL,Google Chrome
01-31,1,0.11,0.11000000000000001,FAIL,Firefox
01-31,1,0.11,0.11000000000000001,FAIL,Microsoft Edge
01-32,1,0,0,PASS,Google Chrome
01-32,1,0,0,PASS,Firefox
01-32,1,0,0,PASS,Microsoft Edge
01-33,1,10100,10100,PASS,Google Chrome
01-33,1,10100,10100,PASS,Firefox
01-33,1,10100,10100,PASS,Microsoft Edge
01-34,1,2.2,2,FAIL,Google Chrome
01-34,1,2.2,2,FAIL,Firefox
01-34,1,2.2,2,FAIL,Microsoft Edge
01-35,1,NONE,NONE,PASS,Google Chrome
01-35,1,NONE,NONE,PASS,Firefox
01-35,1,NONE,NONE,PASS,Microsoft Edge
01-36,1,NONE,NONE,PASS,Google Chrome
01-36,1,NONE,NONE,PASS,Firefox
01-36,1,NONE,NONE,PASS,Microsoft Edge
01-37,1,11,11,PASS,Google Chrome
01-37,1,11,11,PASS,Firefox
01-37,1,11,11,PASS,Microsoft Edge
01-38,1,9,9,PASS,Google Chrome
01-38,1,9,9,PASS,Firefox
01-38,1,9,9,PASS,Microsoft Edge
01-39,1,0,0,PASS,Google Chrome
01-39,1,0,0,PASS,Firefox
01-39,1,0,0,PASS,Microsoft Edge
01-40,1,0,0,PASS,Google Chrome
01-40,1,0,0,PASS,Firefox
01-40,1,0,0,PASS,Microsoft Edge
01-41,1,NONE,NONE,PASS,Google Chrome
01-41,1,NONE,NONE,PASS,Firefox
01-41,1,NONE,NONE,PASS,Microsoft Edge
01-42,1,0.02,0.02,PASS,Google Chrome
01-42,1,0.02,0.02,PASS,Firefox
01-42,1,0.02,0.02,PASS,Microsoft Edge
01-43,1,500,500,PASS,Google Chrome
01-43,1,500,500,PASS,Firefox
01-43,1,500,500,PASS,Microsoft Edge
01-44,1,-39999999996,-39999999996,PASS,Google Chrome
01-44,1,-39999999996,-39999999996,PASS,Firefox
01-44,1,-39999999996,-39999999996,PASS,Microsoft Edge
01-45,1,NONE,NONE,PASS,Google Chrome
01-45,1,NONE,NONE,PASS,Firefox
01-45,1,NONE,NONE,PASS,Microsoft Edge
01-46,1,0,0,PASS,Google Chrome
01-46,1,0,0,PASS,Firefox
01-46,1,0,0,PASS,Microsoft Edge
01-47,1,0,0,PASS,Google Chrome
01-47,1,0,0,PASS,Firefox
01-47,1,0,0,PASS,Microsoft Edge
01-48,1,1,1,PASS,Google Chrome
01-48,1,1,1,PASS,Firefox
01-48,1,1,1,PASS,Microsoft Edge
01-49,1,-1,-10.000000009,FAIL,Google Chrome
01-49,1,-1,-10.000000009,FAIL,Firefox
01-49,1,-1,-10.000000009,FAIL,Microsoft Edge
01-50,1,9999999990,99999999990,FAIL,Google Chrome
01-50,1,9999999990,99999999990,FAIL,Firefox
01-50,1,9999999990,99999999990,FAIL,Microsoft Edge
01-51,1,,NONE,FAIL,Google Chrome
01-51,1,,NONE,FAIL,Firefox
01-51,1,,NONE,FAIL,Microsoft Edge
01-52,1,A1,A1,PASS,Google Chrome
01-52,1,A1,A1,PASS,Firefox
01-52,1,A1,A1,PASS,Microsoft Edge
01-53,1,10.1,10.1,PASS,Google Chrome
01-53,1,10.1,10.1,PASS,Firefox
01-53,1,10.1,10.1,PASS,Microsoft Edge
01-54,1,10000000000.1,10000000000.1,PASS,Google Chrome
01-54,1,10000000000.1,10000000000.1,PASS,Firefox
01-54,1,10000000000.1,10000000000.1,PASS,Microsoft Edge
01-55,1,1,1,PASS,Google Chrome
01-55,1,1,1,PASS,Firefox
01-55,1,1,1,PASS,Microsoft Edge
01-56,1,0.1111,0.1111,PASS,Google Chrome
01-56,1,0.1111,0.1111,PASS,Firefox
01-56,1,0.1111,0.1111,PASS,Microsoft Edge
01-57,1,ASDASD,ASDASD,PASS,Google Chrome
01-57,1,ASDASD,ASDASD,PASS,Firefox
01-57,1,ASDASD,ASDASD,PASS,Microsoft Edge
01-58,1,99999999990.00000001,99999999990.00000001,PASS,Google Chrome
01-58,1,99999999990.00000001,99999999990.00000001,PASS,Firefox
01-58,1,99999999990.00000001,99999999990.00000001,PASS,Microsoft Edge
01-59,1,0.11,0.11,PASS,Google Chrome
01-59,1,0.11,0.11,PASS,Firefox
01-59,1,0.11,0.11,PASS,Microsoft Edge
01-60,1,.1.2.0,.1.2.0,PASS,Google Chrome
01-60,1,.1.2.0,.1.2.0,PASS,Firefox
01-60,1,.1.2.0,.1.2.0,PASS,Microsoft Edge
02-01,2,2,11,FAIL,Google Chrome
02-01,2,2,11,FAIL,Firefox
02-01,2,2,11,FAIL,Microsoft Edge
02-02,2,0.3,0.10.2,FAIL,Google Chrome
02-02,2,0.3,0.10.2,FAIL,Firefox
02-02,2,0.3,0.10.2,FAIL,Microsoft Edge
02-03,2,NONE,NONE,PASS,Google Chrome
02-03,2,NONE,NONE,PASS,Firefox
02-03,2,NONE,NONE,PASS,Microsoft Edge
02-04,2,NONE,999,FAIL,Google Chrome
02-04,2,NONE,999,FAIL,Firefox
02-04,2,NONE,999,FAIL,Microsoft Edge
02-05,2,10,100,FAIL,Google Chrome
02-05,2,10,100,FAIL,Firefox
02-05,2,10,100,FAIL,Microsoft Edge
02-06,2,10.1,100.1,FAIL,Google Chrome
02-06,2,10.1,100.1,FAIL,Firefox
02-06,2,10.1,100.1,FAIL,Microsoft Edge
02-07,2,0,0,PASS,Google Chrome
02-07,2,0,0,PASS,Firefox
02-07,2,0,0,PASS,Microsoft Edge
02-08,2,1999999998,1000000000000000000,FAIL,Google Chrome
02-08,2,1999999998,1000000000000000000,FAIL,Firefox
02-08,2,1999999998,1000000000000000000,FAIL,Microsoft Edge
02-09,2,9999999999,99999999990,FAIL,Google Chrome
02-09,2,9999999999,99999999990,FAIL,Firefox
02-09,2,9999999999,99999999990,FAIL,Microsoft Edge
02-10,2,9999999999.1,99999999990.1,FAIL,Google Chrome
02-10,2,9999999999.1,99999999990.1,FAIL,Firefox
02-10,2,9999999999.1,99999999990.1,FAIL,Microsoft Edge
02-11,2,0.22222222,0.111111110.11111111,FAIL,Google Chrome
02-11,2,0.22222222,0.111111110.11111111,FAIL,Firefox
02-11,2,0.22222222,0.111111110.11111111,FAIL,Microsoft Edge
02-12,2,-1999999998,-999999999,FAIL,Google Chrome
02-12,2,-1999999998,-999999999,FAIL,Firefox
02-12,2,-1999999998,-999999999,FAIL,Microsoft Edge
02-13,2,0,NONE,FAIL,Google Chrome
02-13,2,0,NONE,FAIL,Firefox
02-13,2,0,NONE,FAIL,Microsoft Edge
02-14,2,0,0,PASS,Google Chrome
02-14,2,0,0,PASS,Firefox
02-14,2,0,0,PASS,Microsoft Edge
02-15,2,0.00000001,0.000000010,FAIL,Google Chrome
02-15,2,0.00000001,0.000000010,FAIL,Firefox
02-15,2,0.00000001,0.000000010,FAIL,Microsoft Edge
02-16,2,0,0,PASS,Google Chrome
02-16,2,0,0,PASS,Firefox
02-16,2,0,0,PASS,Microsoft Edge
02-17,2,0,0,PASS,Google Chrome
02-17,2,0,0,PASS,Firefox
02-17,2,0,0,PASS,Microsoft Edge
02-18,2,1999999998,1999999998,PASS,Google Chrome
02-18,2,1999999998,1999999998,PASS,Firefox
02-18,2,1999999998,1999999998,PASS,Microsoft Edge
02-19,2,-1999999998,-1999999998,PASS,Google Chrome
02-19,2,-1999999998,-1999999998,PASS,Firefox
02-19,2,-1999999998,-1999999998,PASS,Microsoft Edge
02-20,2,-19999999,-1.9999999000000002,FAIL,Google Chrome
02-20,2,-19999999,-1.9999999000000002,FAIL,Firefox
02-20,2,-19999999,-1.9999999000000002,FAIL,Microsoft Edge
02-21,2,-2.1,-2.1,PASS,Google Chrome
02-21,2,-2.1,-2.1,PASS,Firefox
02-21,2,-2.1,-2.1,PASS,Microsoft Edge
02-22,2,0.1,0.10000000000000009,FAIL,Google Chrome
02-22,2,0.1,0.10000000000000009,FAIL,Firefox
02-22,2,0.1,0.10000000000000009,FAIL,Microsoft Edge
02-23,2,NONE,NONE,PASS,Google Chrome
02-23,2,NONE,NONE,PASS,Firefox
02-23,2,NONE,NONE,PASS,Microsoft Edge
02-24,2,NONE,NONE,PASS,Google Chrome
02-24,2,NONE,NONE,PASS,Firefox
02-24,2,NONE,NONE,PASS,Microsoft Edge
02-25,2,0,0,PASS,Google Chrome
02-25,2,0,0,PASS,Firefox
02-25,2,0,0,PASS,Microsoft Edge
02-26,2,3.45,3.45,PASS,Google Chrome
02-26,2,3.45,3.45,PASS,Firefox
02-26,2,3.45,3.45,PASS,Microsoft Edge
02-27,2,-0.1000001,-0.10000010000000001,FAIL,Google Chrome
02-27,2,-0.1000001,-0.10000010000000001,FAIL,Firefox
02-27,2,-0.1000001,-0.10000010000000001,FAIL,Microsoft Edge
02-28,2,-1999999998,-1999999998,PASS,Google Chrome
02-28,2,-1999999998,-1999999998,PASS,Firefox
02-28,2,-1999999998,-1999999998,PASS,Microsoft Edge
02-29,2,0.022,0.022000000000000002,FAIL,Google Chrome
02-29,2,0.022,0.022000000000000002,FAIL,Firefox
02-29,2,0.022,0.022000000000000002,FAIL,Microsoft Edge
02-30,2,10,10,PASS,Google Chrome
02-30,2,10,10,PASS,Firefox
02-30,2,10,10,PASS,Microsoft Edge
02-31,2,0.11,0.11000000000000001,FAIL,Google Chrome
02-31,2,0.11,0.11000000000000001,FAIL,Firefox
02-31,2,0.11,0.11000000000000001,FAIL,Microsoft Edge
02-32,2,0,0,PASS,Google Chrome
02-32,2,0,0,PASS,Firefox
02-32,2,0,0,PASS,Microsoft Edge
02-33,2,10100,10100,PASS,Google Chrome
02-33,2,10100,10100,PASS,Firefox
02-33,2,10100,10100,PASS,Microsoft Edge
02-34,2,2.2,2,FAIL,Google Chrome
02-34,2,2.2,2,FAIL,Firefox
02-34,2,2.2,2,FAIL,Microsoft Edge
02-35,2,NONE,NONE,PASS,Google Chrome
02-35,2,NONE,NONE,PASS,Firefox
02-35,2,NONE,NONE,PASS,Microsoft Edge
02-36,2,NONE,NONE,PASS,Google Chrome
02-36,2,NONE,NONE,PASS,Firefox
02-36,2,NONE,NONE,PASS,Microsoft Edge
02-37,2,11,11,PASS,Google Chrome
02-37,2,11,11,PASS,Firefox
02-37,2,11,11,PASS,Microsoft Edge
02-38,2,9,9,PASS,Google Chrome
02-38,2,9,9,PASS,Firefox
02-38,2,9,9,PASS,Microsoft Edge
02-39,2,0,0,PASS,Google Chrome
02-39,2,0,0,PASS,Firefox
02-39,2,0,0,PASS,Microsoft Edge
02-40,2,0,0,PASS,Google Chrome
02-40,2,0,0,PASS,Firefox
02-40,2,0,0,PASS,Microsoft Edge
02-41,2,NONE,NONE,PASS,Google Chrome
02-41,2,NONE,NONE,PASS,Firefox
02-41,2,NONE,NONE,PASS,Microsoft Edge
02-42,2,0.02,0.02,PASS,Google Chrome
02-42,2,0.02,0.02,PASS,Firefox
02-42,2,0.02,0.02,PASS,Microsoft Edge
02-43,2,500,500,PASS,Google Chrome
02-43,2,500,500,PASS,Firefox
02-43,2,500,500,PASS,Microsoft Edge
02-44,2,-39999999996,-39999999996,PASS,Google Chrome
02-44,2,-39999999996,-39999999996,PASS,Firefox
02-44,2,-39999999996,-39999999996,PASS,Microsoft Edge
02-45,2,NONE,NONE,PASS,Google Chrome
02-45,2,NONE,NONE,PASS,Firefox
02-45,2,NONE,NONE,PASS,Microsoft Edge
02-46,2,0,0,PASS,Google Chrome
02-46,2,0,0,PASS,Firefox
02-46,2,0,0,PASS,Microsoft Edge
02-47,2,0,0,PASS,Google Chrome
02-47,2,0,0,PASS,Firefox
02-47,2,0,0,PASS,Microsoft Edge
02-48,2,1,1,PASS,Google Chrome
02-48,2,1,1,PASS,Firefox
02-48,2,1,1,PASS,Microsoft Edge
02-49,2,-1,-10.000000009,FAIL,Google Chrome
02-49,2,-1,-10.000000009,FAIL,Firefox
02-49,2,-1,-10.000000009,FAIL,Microsoft Edge
02-50,2,9999999990,99999999990,FAIL,Google Chrome
02-50,2,9999999990,99999999990,FAIL,Firefox
02-50,2,9999999990,99999999990,FAIL,Microsoft Edge
02-51,2,,0,FAIL,Google Chrome
02-51,2,,0,FAIL,Firefox
02-51,2,,0,FAIL,Microsoft Edge
02-52,2,A1,NONE,FAIL,Google Chrome
02-52,2,A1,NONE,FAIL,Firefox
02-52,2,A1,NONE,FAIL,Microsoft Edge
02-53,2,10.1,1.1,FAIL,Google Chrome
02-53,2,10.1,1.1,FAIL,Firefox
02-53,2,10.1,1.1,FAIL,Microsoft Edge
02-54,2,10000000000.1,1000000000.1,FAIL,Google Chrome
02-54,2,10000000000.1,1000000000.1,FAIL,Firefox
02-54,2,10000000000.1,1000000000.1,FAIL,Microsoft Edge
02-55,2,1,1,PASS,Google Chrome
02-55,2,1,1,PASS,Firefox
02-55,2,1,1,PASS,Microsoft Edge
02-56,2,0.1111,0.1111,PASS,Google Chrome
02-56,2,0.1111,0.1111,PASS,Firefox
02-56,2,0.1111,0.1111,PASS,Microsoft Edge
02-57,2,ASDASD,NONE,FAIL,Google Chrome
02-57,2,ASDASD,NONE,FAIL,Firefox
02-57,2,ASDASD,NONE,FAIL,Microsoft Edge
02-58,2,99999999990.00000001,9999999999,FAIL,Google Chrome
02-58,2,99999999990.00000001,9999999999,FAIL,Firefox
02-58,2,99999999990.00000001,9999999999,FAIL,Microsoft Edge
02-59,2,0.11,1.1,FAIL,Google Chrome
02-59,2,0.11,1.1,FAIL,Firefox
02-59,2,0.11,1.1,FAIL,Microsoft Edge
02-60,2,.1.2.0,NONE,FAIL,Google Chrome
02-60,2,.1.2.0,NONE,FAIL,Firefox
02-60,2,.1.2.0,NONE,FAIL,Microsoft Edge
03-01,3,2,2,PASS,Google Chrome
03-01,3,2,2,PASS,Firefox
03-01,3,2,2,PASS,Microsoft Edge
03-02,3,0.3,0.30000000000000004,FAIL,Google Chrome
03-02,3,0.3,0.30000000000000004,FAIL,Firefox
03-02,3,0.3,0.30000000000000004,FAIL,Microsoft Edge
03-03,3,NONE,NONE,PASS,Google Chrome
03-03,3,NONE,NONE,PASS,Firefox
03-03,3,NONE,NONE,PASS,Microsoft Edge
03-04,3,NONE,NONE,PASS,Google Chrome
03-04,3,NONE,NONE,PASS,Firefox
03-04,3,NONE,NONE,PASS,Microsoft Edge
03-05,3,10,10,PASS,Google Chrome
03-05,3,10,10,PASS,Firefox
03-05,3,10,10,PASS,Microsoft Edge
03-06,3,10.1,10.1,PASS,Google Chrome
03-06,3,10.1,10.1,PASS,Firefox
03-06,3,10.1,10.1,PASS,Microsoft Edge
03-07,3,0,0,PASS,Google Chrome
03-07,3,0,0,PASS,Firefox
03-07,3,0,0,PASS,Microsoft Edge
03-08,3,1999999998,1999999998,PASS,Google Chrome
03-08,3,1999999998,1999999998,PASS,Firefox
03-08,3,1999999998,1999999998,PASS,Microsoft Edge
03-09,3,9999999999,9999999999,PASS,Google Chrome
03-09,3,9999999999,9999999999,PASS,Firefox
03-09,3,9999999999,9999999999,PASS,Microsoft Edge
03-10,3,9999999999.1,9999999999.1,PASS,Google Chrome
03-10,3,9999999999.1,9999999999.1,PASS,Firefox
03-10,3,9999999999.1,9999999999.1,PASS,Microsoft Edge
03-11,3,0.22222222,0.22222222,PASS,Google Chrome
03-11,3,0.22222222,0.22222222,PASS,Firefox
03-11,3,0.22222222,0.22222222,PASS,Microsoft Edge
03-12,3,-1999999998,-1999999998,PASS,Google Chrome
03-12,3,-1999999998,-1999999998,PASS,Firefox
03-12,3,-1999999998,-1999999998,PASS,Microsoft Edge
03-13,3,0,0,PASS,Google Chrome
03-13,3,0,0,PASS,Firefox
03-13,3,0,0,PASS,Microsoft Edge
03-14,3,0,1,FAIL,Google Chrome
03-14,3,0,1,FAIL,Firefox
03-14,3,0,1,FAIL,Microsoft Edge
03-15,3,0.00000001,1e-8,FAIL,Google Chrome
03-15,3,0.00000001,1e-8,FAIL,Firefox
03-15,3,0.00000001,1e-8,FAIL,Microsoft Edge
03-16,3,0,0,PASS,Google Chrome
03-16,3,0,0,PASS,Firefox
03-16,3,0,0,PASS,Microsoft Edge
03-17,3,0,0,PASS,Google Chrome
03-17,3,0,0,PASS,Firefox
03-17,3,0,0,PASS,Microsoft Edge
03-18,3,1999999998,1999999998,PASS,Google Chrome
03-18,3,1999999998,1999999998,PASS,Firefox
03-18,3,1999999998,1999999998,PASS,Microsoft Edge
03-19,3,-1999999998,-1999999998,PASS,Google Chrome
03-19,3,-1999999998,-1999999998,PASS,Firefox
03-19,3,-1999999998,-1999999998,PASS,Microsoft Edge
03-20,3,-19999999,-1.9999999000000002,FAIL,Google Chrome
03-20,3,-19999999,-1.9999999000000002,FAIL,Firefox
03-20,3,-19999999,-1.9999999000000002,FAIL,Microsoft Edge
03-21,3,-2.1,-2.1,PASS,Google Chrome
03-21,3,-2.1,-2.1,PASS,Firefox
03-21,3,-2.1,-2.1,PASS,Microsoft Edge
03-22,3,0.1,0.10000000000000009,FAIL,Google Chrome
03-22,3,0.1,0.10000000000000009,FAIL,Firefox
03-22,3,0.1,0.10000000000000009,FAIL,Microsoft Edge
03-23,3,NONE,NONE,PASS,Google Chrome
03-23,3,NONE,NONE,PASS,Firefox
03-23,3,NONE,NONE,PASS,Microsoft Edge
03-24,3,NONE,NONE,PASS,Google Chrome
03-24,3,NONE,NONE,PASS,Firefox
03-24,3,NONE,NONE,PASS,Microsoft Edge
03-25,3,0,0,PASS,Google Chrome
03-25,3,0,0,PASS,Firefox
03-25,3,0,0,PASS,Microsoft Edge
03-26,3,3.45,3.45,PASS,Google Chrome
03-26,3,3.45,3.45,PASS,Firefox
03-26,3,3.45,3.45,PASS,Microsoft Edge
03-27,3,-0.1000001,-0.10000010000000001,FAIL,Google Chrome
03-27,3,-0.1000001,-0.10000010000000001,FAIL,Firefox
03-27,3,-0.1000001,-0.10000010000000001,FAIL,Microsoft Edge
03-28,3,-1999999998,-1999999998,PASS,Google Chrome
03-28,3,-1999999998,-1999999998,PASS,Firefox
03-28,3,-1999999998,-1999999998,PASS,Microsoft Edge
03-29,3,0.022,0.022000000000000002,FAIL,Google Chrome
03-29,3,0.022,0.022000000000000002,FAIL,Firefox
03-29,3,0.022,0.022000000000000002,FAIL,Microsoft Edge
03-30,3,10,10,PASS,Google Chrome
03-30,3,10,10,PASS,Firefox
03-30,3,10,10,PASS,Microsoft Edge
03-31,3,0.11,0.11000000000000001,FAIL,Google Chrome
03-31,3,0.11,0.11000000000000001,FAIL,Firefox
03-31,3,0.11,0.11000000000000001,FAIL,Microsoft Edge
03-32,3,0,0,PASS,Google Chrome
03-32,3,0,0,PASS,Firefox
03-32,3,0,0,PASS,Microsoft Edge
03-33,3,10100,10100,PASS,Google Chrome
03-33,3,10100,10100,PASS,Firefox
03-33,3,10100,10100,PASS,Microsoft Edge
03-34,3,2.2,2,FAIL,Google Chrome
03-34,3,2.2,2,FAIL,Firefox
03-34,3,2.2,2,FAIL,Microsoft Edge
03-35,3,NONE,NONE,PASS,Google Chrome
03-35,3,NONE,NONE,PASS,Firefox
03-35,3,NONE,NONE,PASS,Microsoft Edge
03-36,3,NONE,NONE,PASS,Google Chrome
03-36,3,NONE,NONE,PASS,Firefox
03-36,3,NONE,NONE,PASS,Microsoft Edge
03-37,3,11,11,PASS,Google Chrome
03-37,3,11,11,PASS,Firefox
03-37,3,11,11,PASS,Microsoft Edge
03-38,3,9,9,PASS,Google Chrome
03-38,3,9,9,PASS,Firefox
03-38,3,9,9,PASS,Microsoft Edge
03-39,3,0,0,PASS,Google Chrome
03-39,3,0,0,PASS,Firefox
03-39,3,0,0,PASS,Microsoft Edge
03-40,3,0,0,PASS,Google Chrome
03-40,3,0,0,PASS,Firefox
03-40,3,0,0,PASS,Microsoft Edge
03-41,3,NONE,NONE,PASS,Google Chrome
03-41,3,NONE,NONE,PASS,Firefox
03-41,3,NONE,NONE,PASS,Microsoft Edge
03-42,3,0.02,0.02,PASS,Google Chrome
03-42,3,0.02,0.02,PASS,Firefox
03-42,3,0.02,0.02,PASS,Microsoft Edge
03-43,3,500,500,PASS,Google Chrome
03-43,3,500,500,PASS,Firefox
03-43,3,500,500,PASS,Microsoft Edge
03-44,3,-39999999996,-39999999996,PASS,Google Chrome
03-44,3,-39999999996,-39999999996,PASS,Firefox
03-44,3,-39999999996,-39999999996,PASS,Microsoft Edge
03-45,3,NONE,NONE,PASS,Google Chrome
03-45,3,NONE,NONE,PASS,Firefox
03-45,3,NONE,NONE,PASS,Microsoft Edge
03-46,3,0,0,PASS,Google Chrome
03-46,3,0,0,PASS,Firefox
03-46,3,0,0,PASS,Microsoft Edge
03-47,3,0,0,PASS,Google Chrome
03-47,3,0,0,PASS,Firefox
03-47,3,0,0,PASS,Microsoft Edge
03-48,3,1,1,PASS,Google Chrome
03-48,3,1,1,PASS,Firefox
03-48,3,1,1,PASS,Microsoft Edge
03-49,3,-1,-10.000000009,FAIL,Google Chrome
03-49,3,-1,-10.000000009,FAIL,Firefox
03-49,3,-1,-10.000000009,FAIL,Microsoft Edge
03-50,3,9999999990,99999999990,FAIL,Google Chrome
03-50,3,9999999990,99999999990,FAIL,Firefox
03-50,3,9999999990,99999999990,FAIL,Microsoft Edge
03-51,3,,NONE,FAIL,Google Chrome
03-51,3,,NONE,FAIL,Firefox
03-51,3,,NONE,FAIL,Microsoft Edge
03-52,3,A1,NONE,FAIL,Google Chrome
03-52,3,A1,NONE,FAIL,Firefox
03-52,3,A1,NONE,FAIL,Microsoft Edge
03-53,3,10.1,10.1,PASS,Google Chrome
03-53,3,10.1,10.1,PASS,Firefox
03-53,3,10.1,10.1,PASS,Microsoft Edge
03-54,3,10000000000.1,10000000000.1,PASS,Google Chrome
03-54,3,10000000000.1,10000000000.1,PASS,Firefox
03-54,3,10000000000.1,10000000000.1,PASS,Microsoft Edge
03-55,3,1,1,PASS,Google Chrome
03-55,3,1,1,PASS,Firefox
03-55,3,1,1,PASS,Microsoft Edge
03-56,3,0.1111,0.1111,PASS,Google Chrome
03-56,3,0.1111,0.1111,PASS,Firefox
03-56,3,0.1111,0.1111,PASS,Microsoft Edge
03-57,3,ASDASD,NONE,FAIL,Google Chrome
03-57,3,ASDASD,NONE,FAIL,Firefox
03-57,3,ASDASD,NONE,FAIL,Microsoft Edge
03-58,3,99999999990.00000001,99999999990.00000001,PASS,Google Chrome
03-58,3,99999999990.00000001,99999999990.00000001,PASS,Firefox
03-58,3,99999999990.00000001,99999999990.00000001,PASS,Microsoft Edge
03-59,3,0.11,0.11,PASS,Google Chrome
03-59,3,0.11,0.11,PASS,Firefox
03-59,3,0.11,0.11,PASS,Microsoft Edge
03-60,3,.1.2.0,NONE,FAIL,Google Chrome
03-60,3,.1.2.0,NONE,FAIL,Firefox
03-60,3,.1.2.0,NONE,FAIL,Microsoft Edge
04-01,4,2,2,PASS,Google Chrome
04-01,4,2,2,PASS,Firefox
04-01,4,2,2,PASS,Microsoft Edge
04-02,4,0.3,0,FAIL,Google Chrome
04-02,4,0.3,0,FAIL,Firefox
04-02,4,0.3,0,FAIL,Microsoft Edge
04-03,4,NONE,NONE,PASS,Google Chrome
04-03,4,NONE,NONE,PASS,Firefox
04-03,4,NONE,NONE,PASS,Microsoft Edge
04-04,4,NONE,NONE,PASS,Google Chrome
04-04,4,NONE,NONE,PASS,Firefox
04-04,4,NONE,NONE,PASS,Microsoft Edge
04-05,4,10,10,PASS,Google Chrome
04-05,4,10,10,PASS,Firefox
04-05,4,10,10,PASS,Microsoft Edge
04-06,4,10.1,10,FAIL,Google Chrome
04-06,4,10.1,10,FAIL,Firefox
04-06,4,10.1,10,FAIL,Microsoft Edge
04-07,4,0,0,PASS,Google Chrome
04-07,4,0,0,PASS,Firefox
04-07,4,0,0,PASS,Microsoft Edge
04-08,4,1999999998,1999999998,PASS,Google Chrome
04-08,4,1999999998,1999999998,PASS,Firefox
04-08,4,1999999998,1999999998,PASS,Microsoft Edge
04-09,4,9999999999,9999999999,PASS,Google Chrome
04-09,4,9999999999,9999999999,PASS,Firefox
04-09,4,9999999999,9999999999,PASS,Microsoft Edge
04-10,4,9999999999.1,9999999999,FAIL,Google Chrome
04-10,4,9999999999.1,9999999999,FAIL,Firefox
04-10,4,9999999999.1,9999999999,FAIL,Microsoft Edge
04-11,4,0.22222222,0,FAIL,Google Chrome
04-11,4,0.22222222,0,FAIL,Firefox
04-11,4,0.22222222,0,FAIL,Microsoft Edge
04-12,4,-1999999998,-1999999998,PASS,Google Chrome
04-12,4,-1999999998,-1999999998,PASS,Firefox
04-12,4,-1999999998,-1999999998,PASS,Microsoft Edge
04-13,4,0,0,PASS,Google Chrome
04-13,4,0,0,PASS,Firefox
04-13,4,0,0,PASS,Microsoft Edge
04-14,4,0,1,FAIL,Google Chrome
04-14,4,0,1,FAIL,Firefox
04-14,4,0,1,FAIL,Microsoft Edge
04-15,4,0.00000001,1,FAIL,Google Chrome
04-15,4,0.00000001,1,FAIL,Firefox
04-15,4,0.00000001,1,FAIL,Microsoft Edge
04-16,4,0,0,PASS,Google Chrome
04-16,4,0,0,PASS,Firefox
04-16,4,0,0,PASS,Microsoft Edge
04-17,4,0,0,PASS,Google Chrome
04-17,4,0,0,PASS,Firefox
04-17,4,0,0,PASS,Microsoft Edge
04-18,4,1999999998,1999999998,PASS,Google Chrome
04-18,4,1999999998,1999999998,PASS,Firefox
04-18,4,1999999998,1999999998,PASS,Microsoft Edge
04-19,4,-1999999998,-1999999998,PASS,Google Chrome
04-19,4,-1999999998,-1999999998,PASS,Firefox
04-19,4,-1999999998,-1999999998,PASS,Microsoft Edge
04-20,4,-19999999,-1,FAIL,Google Chrome
04-20,4,-19999999,-1,FAIL,Firefox
04-20,4,-19999999,-1,FAIL,Microsoft Edge
04-21,4,-2.1,-2,FAIL,Google Chrome
04-21,4,-2.1,-2,FAIL,Firefox
04-21,4,-2.1,-2,FAIL,Microsoft Edge
04-22,4,0.1,0,FAIL,Google Chrome
04-22,4,0.1,0,FAIL,Firefox
04-22,4,0.1,0,FAIL,Microsoft Edge
04-23,4,NONE,NONE,PASS,Google Chrome
04-23,4,NONE,NONE,PASS,Firefox
04-23,4,NONE,NONE,PASS,Microsoft Edge
04-24,4,NONE,NONE,PASS,Google Chrome
04-24,4,NONE,NONE,PASS,Firefox
04-24,4,NONE,NONE,PASS,Microsoft Edge
04-25,4,0,0,PASS,Google Chrome
04-25,4,0,0,PASS,Firefox
04-25,4,0,0,PASS,Microsoft Edge
04-26,4,3.45,3,FAIL,Google Chrome
04-26,4,3.45,3,FAIL,Firefox
04-26,4,3.45,3,FAIL,Microsoft Edge
04-27,4,-0.1000001,0,FAIL,Google Chrome
04-27,4,-0.1000001,0,FAIL,Firefox
04-27,4,-0.1000001,0,FAIL,Microsoft Edge
04-28,4,-1999999998,-1999999998,PASS,Google Chrome
04-28,4,-1999999998,-1999999998,PASS,Firefox
04-28,4,-1999999998,-1999999998,PASS,Microsoft Edge
04-29,4,0.022,0,FAIL,Google Chrome
04-29,4,0.022,0,FAIL,Firefox
04-29,4,0.022,0,FAIL,Microsoft Edge
04-30,4,10,10,PASS,Google Chrome
04-30,4,10,10,PASS,Firefox
04-30,4,10,10,PASS,Microsoft Edge
04-31,4,0.11,0,FAIL,Google Chrome
04-31,4,0.11,0,FAIL,Firefox
04-31,4,0.11,0,FAIL,Microsoft Edge
04-32,4,0,0,PASS,Google Chrome
04-32,4,0,0,PASS,Firefox
04-32,4,0,0,PASS,Microsoft Edge
04-33,4,10100,10100,PASS,Google Chrome
04-33,4,10100,10100,PASS,Firefox
04-33,4,10100,10100,PASS,Microsoft Edge
04-34,4,2.2,2,FAIL,Google Chrome
04-34,4,2.2,2,FAIL,Firefox
04-34,4,2.2,2,FAIL,Microsoft Edge
04-35,4,NONE,NONE,PASS,Google Chrome
04-35,4,NONE,NONE,PASS,Firefox
04-35,4,NONE,NONE,PASS,Microsoft Edge
04-36,4,NONE,NONE,PASS,Google Chrome
04-36,4,NONE,NONE,PASS,Firefox
04-36,4,NONE,NONE,PASS,Microsoft Edge
04-37,4,11,11,PASS,Google Chrome
04-37,4,11,11,PASS,Firefox
04-37,4,11,11,PASS,Microsoft Edge
04-38,4,9,9,PASS,Google Chrome
04-38,4,9,9,PASS,Firefox
04-38,4,9,9,PASS,Microsoft Edge
04-39,4,0,0,PASS,Google Chrome
04-39,4,0,0,PASS,Firefox
04-39,4,0,0,PASS,Microsoft Edge
04-40,4,0,0,PASS,Google Chrome
04-40,4,0,0,PASS,Firefox
04-40,4,0,0,PASS,Microsoft Edge
04-41,4,NONE,NONE,PASS,Google Chrome
04-41,4,NONE,NONE,PASS,Firefox
04-41,4,NONE,NONE,PASS,Microsoft Edge
04-42,4,0.02,0,FAIL,Google Chrome
04-42,4,0.02,0,FAIL,Firefox
04-42,4,0.02,0,FAIL,Microsoft Edge
04-43,4,500,500,PASS,Google Chrome
04-43,4,500,500,PASS,Firefox
04-43,4,500,500,PASS,Microsoft Edge
04-44,4,-39999999996,-39999999996,PASS,Google Chrome
04-44,4,-39999999996,-39999999996,PASS,Firefox
04-44,4,-39999999996,-39999999996,PASS,Microsoft Edge
04-45,4,NONE,NONE,PASS,Google Chrome
04-45,4,NONE,NONE,PASS,Firefox
04-45,4,NONE,NONE,PASS,Microsoft Edge
04-46,4,0,0,PASS,Google Chrome
04-46,4,0,0,PASS,Firefox
04-46,4,0,0,PASS,Microsoft Edge
04-47,4,0,0,PASS,Google Chrome
04-47,4,0,0,PASS,Firefox
04-47,4,0,0,PASS,Microsoft Edge
04-48,4,1,1,PASS,Google Chrome
04-48,4,1,1,PASS,Firefox
04-48,4,1,1,PASS,Microsoft Edge
04-49,4,-1,-10,FAIL,Google Chrome
04-49,4,-1,-10,FAIL,Firefox
04-49,4,-1,-10,FAIL,Microsoft Edge
04-50,4,9999999990,99999999990,FAIL,Google Chrome
04-50,4,9999999990,99999999990,FAIL,Firefox
04-50,4,9999999990,99999999990,FAIL,Microsoft Edge
04-51,4,,NONE,FAIL,Google Chrome
04-51,4,,NONE,FAIL,Firefox
04-51,4,,NONE,FAIL,Microsoft Edge
04-52,4,A1,A1,PASS,Google Chrome
04-52,4,A1,A1,PASS,Firefox
04-52,4,A1,A1,PASS,Microsoft Edge
04-53,4,10.1,10.1,PASS,Google Chrome
04-53,4,10.1,10.1,PASS,Firefox
04-53,4,10.1,10.1,PASS,Microsoft Edge
04-54,4,10000000000.1,10000000000.1,PASS,Google Chrome
04-54,4,10000000000.1,10000000000.1,PASS,Firefox
04-54,4,10000000000.1,10000000000.1,PASS,Microsoft Edge
04-55,4,1,1,PASS,Google Chrome
04-55,4,1,1,PASS,Firefox
04-55,4,1,1,PASS,Microsoft Edge
04-56,4,0.1111,0.1111,PASS,Google Chrome
04-56,4,0.1111,0.1111,PASS,Firefox
04-56,4,0.1111,0.1111,PASS,Microsoft Edge
04-57,4,ASDASD,ASDASD,PASS,Google Chrome
04-57,4,ASDASD,ASDASD,PASS,Firefox
04-57,4,ASDASD,ASDASD,PASS,Microsoft Edge
04-58,4,99999999990.00000001,99999999990.00000001,PASS,Google Chrome
04-58,4,99999999990.00000001,99999999990.00000001,PASS,Firefox
04-58,4,99999999990.00000001,99999999990.00000001,PASS,Microsoft Edge
04-59,4,0.11,0.11,PASS,Google Chrome
04-59,4,0.11,0.11,PASS,Firefox
04-59,4,0.11,0.11,PASS,Microsoft Edge
04-60,4,.1.2.0,.1.2.0,PASS,Google Chrome
04-60,4,.1.2.0,.1.2.0,PASS,Firefox
04-60,4,.1.2.0,.1.2.0,PASS,Microsoft Edge
05-01,5,2,2,PASS,Google Chrome
05-01,5,2,2,PASS,Firefox
05-01,5,2,2,PASS,Microsoft Edge
05-02,5,0.3,0.30000000000000004,FAIL,Google Chrome
05-02,5,0.3,0.30000000000000004,FAIL,Firefox
05-02,5,0.3,0.30000000000000004,FAIL,Microsoft Edge
05-03,5,NONE,NONE,PASS,Google Chrome
05-03,5,NONE,NONE,PASS,Firefox
05-03,5,NONE,NONE,PASS,Microsoft Edge
05-04,5,NONE,NONE,PASS,Google Chrome
05-04,5,NONE,NONE,PASS,Firefox
05-04,5,NONE,NONE,PASS,Microsoft Edge
05-05,5,10,10,PASS,Google Chrome
05-05,5,10,10,PASS,Firefox
05-05,5,10,10,PASS,Microsoft Edge
05-06,5,10.1,10.1,PASS,Google Chrome
05-06,5,10.1,10.1,PASS,Firefox
05-06,5,10.1,10.1,PASS,Microsoft Edge
05-07,5,0,0,PASS,Google Chrome
05-07,5,0,0,PASS,Firefox
05-07,5,0,0,PASS,Microsoft Edge
05-08,5,1999999998,1999999998,PASS,Google Chrome
05-08,5,1999999998,1999999998,PASS,Firefox
05-08,5,1999999998,1999999998,PASS,Microsoft Edge
05-09,5,9999999999,9999999999,PASS,Google Chrome
05-09,5,9999999999,9999999999,PASS,Firefox
05-09,5,9999999999,9999999999,PASS,Microsoft Edge
05-10,5,9999999999.1,9999999999.1,PASS,Google Chrome
05-10,5,9999999999.1,9999999999.1,PASS,Firefox
05-10,5,9999999999.1,9999999999.1,PASS,Microsoft Edge
05-11,5,0.22222222,0.22222222,PASS,Google Chrome
05-11,5,0.22222222,0.22222222,PASS,Firefox
05-11,5,0.22222222,0.22222222,PASS,Microsoft Edge
05-12,5,-1999999998,-1999999998,PASS,Google Chrome
05-12,5,-1999999998,-1999999998,PASS,Firefox
05-12,5,-1999999998,-1999999998,PASS,Microsoft Edge
05-13,5,0,0,PASS,Google Chrome
05-13,5,0,0,PASS,Firefox
05-13,5,0,0,PASS,Microsoft Edge
05-14,5,0,1,FAIL,Google Chrome
05-14,5,0,1,FAIL,Firefox
05-14,5,0,1,FAIL,Microsoft Edge
05-15,5,0.00000001,1e-8,FAIL,Google Chrome
05-15,5,0.00000001,1e-8,FAIL,Firefox
05-15,5,0.00000001,1e-8,FAIL,Microsoft Edge
05-16,5,0,0,PASS,Google Chrome
05-16,5,0,0,PASS,Firefox
05-16,5,0,0,PASS,Microsoft Edge
05-17,5,0,0,PASS,Google Chrome
05-17,5,0,0,PASS,Firefox
05-17,5,0,0,PASS,Microsoft Edge
05-18,5,1999999998,1999999998,PASS,Google Chrome
05-18,5,1999999998,1999999998,PASS,Firefox
05-18,5,1999999998,1999999998,PASS,Microsoft Edge
05-19,5,-1999999998,-1999999998,PASS,Google Chrome
05-19,5,-1999999998,-1999999998,PASS,Firefox
05-19,5,-1999999998,-1999999998,PASS,Microsoft Edge
05-20,5,-19999999,-1.9999999000000002,FAIL,Google Chrome
05-20,5,-19999999,-1.9999999000000002,FAIL,Firefox
05-20,5,-19999999,-1.9999999000000002,FAIL,Microsoft Edge
05-21,5,-2.1,-2.1,PASS,Google Chrome
05-21,5,-2.1,-2.1,PASS,Firefox
05-21,5,-2.1,-2.1,PASS,Microsoft Edge
05-22,5,0.1,0.10000000000000009,FAIL,Google Chrome
05-22,5,0.1,0.10000000000000009,FAIL,Firefox
05-22,5,0.1,0.10000000000000009,FAIL,Microsoft Edge
05-23,5,NONE,NONE,PASS,Google Chrome
05-23,5,NONE,NONE,PASS,Firefox
05-23,5,NONE,NONE,PASS,Microsoft Edge
05-24,5,NONE,NONE,PASS,Google Chrome
05-24,5,NONE,NONE,PASS,Firefox
05-24,5,NONE,NONE,PASS,Microsoft Edge
05-25,5,0,0,PASS,Google Chrome
05-25,5,0,0,PASS,Firefox
05-25,5,0,0,PASS,Microsoft Edge
05-26,5,3.45,3.45,PASS,Google Chrome
05-26,5,3.45,3.45,PASS,Firefox
05-26,5,3.45,3.45,PASS,Microsoft Edge
05-27,5,-0.1000001,-0.10000010000000001,FAIL,Google Chrome
05-27,5,-0.1000001,-0.10000010000000001,FAIL,Firefox
05-27,5,-0.1000001,-0.10000010000000001,FAIL,Microsoft Edge
05-28,5,-1999999998,-1999999998,PASS,Google Chrome
05-28,5,-1999999998,-1999999998,PASS,Firefox
05-28,5,-1999999998,-1999999998,PASS,Microsoft Edge
05-29,5,0.022,0.022000000000000002,FAIL,Google Chrome
05-29,5,0.022,0.022000000000000002,FAIL,Firefox
05-29,5,0.022,0.022000000000000002,FAIL,Microsoft Edge
05-30,5,10,10,PASS,Google Chrome
05-30,5,10,10,PASS,Firefox
05-30,5,10,10,PASS,Microsoft Edge
05-31,5,0.11,0.11000000000000001,FAIL,Google Chrome
05-31,5,0.11,0.11000000000000001,FAIL,Firefox
05-31,5,0.11,0.11000000000000001,FAIL,Microsoft Edge
05-32,5,0,0,PASS,Google Chrome
05-32,5,0,0,PASS,Firefox
05-32,5,0,0,PASS,Microsoft Edge
05-33,5,10100,10100,PASS,Google Chrome
05-33,5,10100,10100,PASS,Firefox
05-33,5,10100,10100,PASS,Microsoft Edge
05-34,5,2.2,2,FAIL,Google Chrome
05-34,5,2.2,2,FAIL,Firefox
05-34,5,2.2,2,FAIL,Microsoft Edge
05-35,5,NONE,NONE,PASS,Google Chrome
05-35,5,NONE,NONE,PASS,Firefox
05-35,5,NONE,NONE,PASS,Microsoft Edge
05-36,5,NONE,NONE,PASS,Google Chrome
05-36,5,NONE,NONE,PASS,Firefox
05-36,5,NONE,NONE,PASS,Microsoft Edge
05-37,5,11,11,PASS,Google Chrome
05-37,5,11,11,PASS,Firefox
05-37,5,11,11,PASS,Microsoft Edge
05-38,5,9,9,PASS,Google Chrome
05-38,5,9,9,PASS,Firefox
05-38,5,9,9,PASS,Microsoft Edge
05-39,5,0,0,PASS,Google Chrome
05-39,5,0,0,PASS,Firefox
05-39,5,0,0,PASS,Microsoft Edge
05-40,5,0,0,PASS,Google Chrome
05-40,5,0,0,PASS,Firefox
05-40,5,0,0,PASS,Microsoft Edge
05-41,5,NONE,NONE,PASS,Google Chrome
05-41,5,NONE,NONE,PASS,Firefox
05-41,5,NONE,NONE,PASS,Microsoft Edge
05-42,5,0.02,0.02,PASS,Google Chrome
05-42,5,0.02,0.02,PASS,Firefox
05-42,5,0.02,0.02,PASS,Microsoft Edge
05-43,5,500,500,PASS,Google Chrome
05-43,5,500,500,PASS,Firefox
05-43,5,500,500,PASS,Microsoft Edge
05-44,5,-39999999996,-39999999996,PASS,Google Chrome
05-44,5,-39999999996,-39999999996,PASS,Firefox
05-44,5,-39999999996,-39999999996,PASS,Microsoft Edge
05-45,5,NONE,NONE,PASS,Google Chrome
05-45,5,NONE,NONE,PASS,Firefox
05-45,5,NONE,NONE,PASS,Microsoft Edge
05-46,5,0,0,PASS,Google Chrome
05-46,5,0,0,PASS,Firefox
05-46,5,0,0,PASS,Microsoft Edge
05-47,5,0,0,PASS,Google Chrome
05-47,5,0,0,PASS,Firefox
05-47,5,0,0,PASS,Microsoft Edge
05-48,5,1,1,PASS,Google Chrome
05-48,5,1,1,PASS,Firefox
05-48,5,1,1,PASS,Microsoft Edge
05-49,5,-1,-10.000000009,FAIL,Google Chrome
05-49,5,-1,-10.000000009,FAIL,Firefox
05-49,5,-1,-10.000000009,FAIL,Microsoft Edge
05-50,5,9999999990,99999999990,FAIL,Google Chrome
05-50,5,9999999990,99999999990,FAIL,Firefox
05-50,5,9999999990,99999999990,FAIL,Microsoft Edge
05-51,5,,NONE,FAIL,Google Chrome
05-51,5,,NONE,FAIL,Firefox
05-51,5,,NONE,FAIL,Microsoft Edge
05-52,5,A1,A1,PASS,Google Chrome
05-52,5,A1,A1,PASS,Firefox
05-52,5,A1,A1,PASS,Microsoft Edge
05-53,5,10.1,10.1,PASS,Google Chrome
05-53,5,10.1,10.1,PASS,Firefox
05-53,5,10.1,10.1,PASS,Microsoft Edge
05-54,5,10000000000.1,10000000000.1,PASS,Google Chrome
05-54,5,10000000000.1,10000000000.1,PASS,Firefox
05-54,5,10000000000.1,10000000000.1,PASS,Microsoft Edge
05-55,5,1,1,PASS,Google Chrome
05-55,5,1,1,PASS,Firefox
05-55,5,1,1,PASS,Microsoft Edge
05-56,5,0.1111,0.1111,PASS,Google Chrome
05-56,5,0.1111,0.1111,PASS,Firefox
05-56,5,0.1111,0.1111,PASS,Microsoft Edge
05-57,5,ASDASD,ASDASD,PASS,Google Chrome
05-57,5,ASDASD,ASDASD,PASS,Firefox
05-57,5,ASDASD,ASDASD,PASS,Microsoft Edge
05-58,5,99999999990.00000001,99999999990.00000001,PASS,Google Chrome
05-58,5,99999999990.00000001,99999999990.00000001,PASS,Firefox
05-58,5,99999999990.00000001,99999999990.00000001,PASS,Microsoft Edge
05-59,5,0.11,0.11,PASS,Google Chrome
05-59,5,0.11,0.11,PASS,Firefox
05-59,5,0.11,0.11,PASS,Microsoft Edge
05-60,5,.1.2.0,.1.2.0,PASS,Google Chrome
05-60,5,.1.2.0,.1.2.0,PASS,Firefox
05-60,5,.1.2.0,.1.2.0,PASS,Microsoft Edge
06-01,6,2,2,PASS,Google Chrome
06-01,6,2,2,PASS,Firefox
06-01,6,2,2,PASS,Microsoft Edge
06-02,6,0.3,0.30000000000000004,FAIL,Google Chrome
06-02,6,0.3,0.30000000000000004,FAIL,Firefox
06-02,6,0.3,0.30000000000000004,FAIL,Microsoft Edge
06-03,6,NONE,NONE,PASS,Google Chrome
06-03,6,NONE,NONE,PASS,Firefox
06-03,6,NONE,NONE,PASS,Microsoft Edge
06-04,6,NONE,NONE,PASS,Google Chrome
06-04,6,NONE,NONE,PASS,Firefox
06-04,6,NONE,NONE,PASS,Microsoft Edge
06-05,6,10,10,PASS,Google Chrome
06-05,6,10,10,PASS,Firefox
06-05,6,10,10,PASS,Microsoft Edge
06-06,6,10.1,10.1,PASS,Google Chrome
06-06,6,10.1,10.1,PASS,Firefox
06-06,6,10.1,10.1,PASS,Microsoft Edge
06-07,6,0,0,PASS,Google Chrome
06-07,6,0,0,PASS,Firefox
06-07,6,0,0,PASS,Microsoft Edge
06-08,6,1999999998,1999999998,PASS,Google Chrome
06-08,6,1999999998,1999999998,PASS,Firefox
06-08,6,1999999998,1999999998,PASS,Microsoft Edge
06-09,6,9999999999,9999999999,PASS,Google Chrome
06-09,6,9999999999,9999999999,PASS,Firefox
06-09,6,9999999999,9999999999,PASS,Microsoft Edge
06-10,6,9999999999.1,9999999999.1,PASS,Google Chrome
06-10,6,9999999999.1,9999999999.1,PASS,Firefox
06-10,6,9999999999.1,9999999999.1,PASS,Microsoft Edge
06-11,6,0.22222222,0.22222222,PASS,Google Chrome
06-11,6,0.22222222,0.22222222,PASS,Firefox
06-11,6,0.22222222,0.22222222,PASS,Microsoft Edge
06-12,6,-1999999998,-1999999998,PASS,Google Chrome
06-12,6,-1999999998,-1999999998,PASS,Firefox
06-12,6,-1999999998,-1999999998,PASS,Microsoft Edge
06-13,6,0,0,PASS,Google Chrome
06-13,6,0,0,PASS,Firefox
06-13,6,0,0,PASS,Microsoft Edge
06-14,6,0,1,FAIL,Google Chrome
06-14,6,0,1,FAIL,Firefox
06-14,6,0,1,FAIL,Microsoft Edge
06-15,6,0.00000001,1e-8,FAIL,Google Chrome
06-15,6,0.00000001,1e-8,FAIL,Firefox
06-15,6,0.00000001,1e-8,FAIL,Microsoft Edge
06-16,6,0,0,PASS,Google Chrome
06-16,6,0,0,PASS,Firefox
06-16,6,0,0,PASS,Microsoft Edge
06-17,6,0,0,PASS,Google Chrome
06-17,6,0,0,PASS,Firefox
06-17,6,0,0,PASS,Microsoft Edge
06-18,6,1999999998,1999999998,PASS,Google Chrome
06-18,6,1999999998,1999999998,PASS,Firefox
06-18,6,1999999998,1999999998,PASS,Microsoft Edge
06-19,6,-1999999998,-1999999998,PASS,Google Chrome
06-19,6,-1999999998,-1999999998,PASS,Firefox
06-19,6,-1999999998,-1999999998,PASS,Microsoft Edge
06-20,6,-19999999,-1.9999999000000002,FAIL,Google Chrome
06-20,6,-19999999,-1.9999999000000002,FAIL,Firefox
06-20,6,-19999999,-1.9999999000000002,FAIL,Microsoft Edge
06-21,6,-2.1,-2.1,PASS,Google Chrome
06-21,6,-2.1,-2.1,PASS,Firefox
06-21,6,-2.1,-2.1,PASS,Microsoft Edge
06-22,6,0.1,0.10000000000000009,FAIL,Google Chrome
06-22,6,0.1,0.10000000000000009,FAIL,Firefox
06-22,6,0.1,0.10000000000000009,FAIL,Microsoft Edge
06-23,6,NONE,NONE,PASS,Google Chrome
06-23,6,NONE,NONE,PASS,Firefox
06-23,6,NONE,NONE,PASS,Microsoft Edge
06-24,6,NONE,NONE,PASS,Google Chrome
06-24,6,NONE,NONE,PASS,Firefox
06-24,6,NONE,NONE,PASS,Microsoft Edge
06-25,6,0,0,PASS,Google Chrome
06-25,6,0,0,PASS,Firefox
06-25,6,0,0,PASS,Microsoft Edge
06-26,6,3.45,3.45,PASS,Google Chrome
06-26,6,3.45,3.45,PASS,Firefox
06-26,6,3.45,3.45,PASS,Microsoft Edge
06-27,6,-0.1000001,-0.10000010000000001,FAIL,Google Chrome
06-27,6,-0.1000001,-0.10000010000000001,FAIL,Firefox
06-27,6,-0.1000001,-0.10000010000000001,FAIL,Microsoft Edge
06-28,6,-1999999998,-1999999998,PASS,Google Chrome
06-28,6,-1999999998,-1999999998,PASS,Firefox
06-28,6,-1999999998,-1999999998,PASS,Microsoft Edge
06-29,6,0.022,0.022000000000000002,FAIL,Google Chrome
06-29,6,0.022,0.022000000000000002,FAIL,Firefox
06-29,6,0.022,0.022000000000000002,FAIL,Microsoft Edge
06-30,6,10,10,PASS,Google Chrome
06-30,6,10,10,PASS,Firefox
06-30,6,10,10,PASS,Microsoft Edge
06-31,6,0.11,0.11000000000000001,FAIL,Google Chrome
06-31,6,0.11,0.11000000000000001,FAIL,Firefox
06-31,6,0.11,0.11000000000000001,FAIL,Microsoft Edge
06-32,6,0,0,PASS,Google Chrome
06-32,6,0,0,PASS,Firefox
06-32,6,0,0,PASS,Microsoft Edge
06-33,6,10100,10100,PASS,Google Chrome
06-33,6,10100,10100,PASS,Firefox
06-33,6,10100,10100,PASS,Microsoft Edge
06-34,6,2.2,2,FAIL,Google Chrome
06-34,6,2.2,2,FAIL,Firefox
06-34,6,2.2,2,FAIL,Microsoft Edge
06-35,6,NONE,NONE,PASS,Google Chrome
06-35,6,NONE,NONE,PASS,Firefox
06-35,6,NONE,NONE,PASS,Microsoft Edge
06-36,6,NONE,NONE,PASS,Google Chrome
06-36,6,NONE,NONE,PASS,Firefox
06-36,6,NONE,NONE,PASS,Microsoft Edge
06-37,6,11,11,PASS,Google Chrome
06-37,6,11,11,PASS,Firefox
06-37,6,11,11,PASS,Microsoft Edge
06-38,6,9,9,PASS,Google Chrome
06-38,6,9,9,PASS,Firefox
06-38,6,9,9,PASS,Microsoft Edge
06-39,6,0,0,PASS,Google Chrome
06-39,6,0,0,PASS,Firefox
06-39,6,0,0,PASS,Microsoft Edge
06-40,6,0,0,PASS,Google Chrome
06-40,6,0,0,PASS,Firefox
06-40,6,0,0,PASS,Microsoft Edge
06-41,6,NONE,NONE,PASS,Google Chrome
06-41,6,NONE,NONE,PASS,Firefox
06-41,6,NONE,NONE,PASS,Microsoft Edge
06-42,6,0.02,0.02,PASS,Google Chrome
06-42,6,0.02,0.02,PASS,Firefox
06-42,6,0.02,0.02,PASS,Microsoft Edge
06-43,6,500,500,PASS,Google Chrome
06-43,6,500,500,PASS,Firefox
06-43,6,500,500,PASS,Microsoft Edge
06-44,6,-39999999996,-39999999996,PASS,Google Chrome
06-44,6,-39999999996,-39999999996,PASS,Firefox
06-44,6,-39999999996,-39999999996,PASS,Microsoft Edge
06-45,6,NONE,NONE,PASS,Google Chrome
06-45,6,NONE,NONE,PASS,Firefox
06-45,6,NONE,NONE,PASS,Microsoft Edge
06-46,6,0,0,PASS,Google Chrome
06-46,6,0,0,PASS,Firefox
06-46,6,0,0,PASS,Microsoft Edge
06-47,6,0,0,PASS,Google Chrome
06-47,6,0,0,PASS,Firefox
06-47,6,0,0,PASS,Microsoft Edge
06-48,6,1,1,PASS,Google Chrome
06-48,6,1,1,PASS,Firefox
06-48,6,1,1,PASS,Microsoft Edge
06-49,6,-1,-10.000000009,FAIL,Google Chrome
06-49,6,-1,-10.000000009,FAIL,Firefox
06-49,6,-1,-10.000000009,FAIL,Microsoft Edge
06-50,6,9999999990,99999999990,FAIL,Google Chrome
06-50,6,9999999990,99999999990,FAIL,Firefox
06-50,6,9999999990,99999999990,FAIL,Microsoft Edge
06-51,6,,NONE,FAIL,Google Chrome
06-51,6,,NONE,FAIL,Firefox
06-51,6,,NONE,FAIL,Microsoft Edge
06-52,6,A1,A1,PASS,Google Chrome
06-52,6,A1,A1,PASS,Firefox
06-52,6,A1,A1,PASS,Microsoft Edge
06-53,6,10.1,10.1,PASS,Google Chrome
06-53,6,10.1,10.1,PASS,Firefox
06-53,6,10.1,10.1,PASS,Microsoft Edge
06-54,6,10000000000.1,10000000000.1,PASS,Google Chrome
06-54,6,10000000000.1,10000000000.1,PASS,Firefox
06-54,6,10000000000.1,10000000000.1,PASS,Microsoft Edge
06-55,6,1,1,PASS,Google Chrome
06-55,6,1,1,PASS,Firefox
06-55,6,1,1,PASS,Microsoft Edge
06-56,6,0.1111,0.1111,PASS,Google Chrome
06-56,6,0.1111,0.1111,PASS,Firefox
06-56,6,0.1111,0.1111,PASS,Microsoft Edge
06-57,6,ASDASD,ASDASD,PASS,Google Chrome
06-57,6,ASDASD,ASDASD,PASS,Firefox
06-57,6,ASDASD,ASDASD,PASS,Microsoft Edge
06-58,6,99999999990.00000001,99999999990.00000001,PASS,Google Chrome
06-58,6,99999999990.00000001,99999999990.00000001,PASS,Firefox
06-58,6,99999999990.00000001,99999999990.00000001,PASS,Microsoft Edge
06-59,6,0.11,0.11,PASS,Google Chrome
06-59,6,0.11,0.11,PASS,Firefox
06-59,6,0.11,0.11,PASS,Microsoft Edge
06-60,6,.1.2.0,.1.2.0,PASS,Google Chrome
06-60,6,.1.2.0,.1.2.0,PASS,Firefox
06-60,6,.1.2.0,.1.2.0,PASS,Microsoft Edge
07-01,7,2,1,FAIL,Google Chrome
07-01,7,2,1,FAIL,Firefox
07-01,7,2,1,FAIL,Microsoft Edge
07-02,7,0.3,0.2,FAIL,Google Chrome
07-02,7,0.3,0.2,FAIL,Firefox
07-02,7,0.3,0.2,FAIL,Microsoft Edge
07-03,7,NONE,NONE,PASS,Google Chrome
07-03,7,NONE,NONE,PASS,Firefox
07-03,7,NONE,NONE,PASS,Microsoft Edge
07-04,7,NONE,NONE,PASS,Google Chrome
07-04,7,NONE,NONE,PASS,Firefox
07-04,7,NONE,NONE,PASS,Microsoft Edge
07-05,7,10,0,FAIL,Google Chrome
07-05,7,10,0,FAIL,Firefox
07-05,7,10,0,FAIL,Microsoft Edge
07-06,7,10.1,0.1,FAIL,Google Chrome
07-06,7,10.1,0.1,FAIL,Firefox
07-06,7,10.1,0.1,FAIL,Microsoft Edge
07-07,7,0,0,PASS,Google Chrome
07-07,7,0,0,PASS,Firefox
07-07,7,0,0,PASS,Microsoft Edge
07-08,7,1999999998,999999999,FAIL,Google Chrome
07-08,7,1999999998,999999999,FAIL,Firefox
07-08,7,1999999998,999999999,FAIL,Microsoft Edge
07-09,7,9999999999,0,FAIL,Google Chrome
07-09,7,9999999999,0,FAIL,Firefox
07-09,7,9999999999,0,FAIL,Microsoft Edge
07-10,7,9999999999.1,0.1,FAIL,Google Chrome
07-10,7,9999999999.1,0.1,FAIL,Firefox
07-10,7,9999999999.1,0.1,FAIL,Microsoft Edge
07-11,7,0.22222222,0.11111111,FAIL,Google Chrome
07-11,7,0.22222222,0.11111111,FAIL,Firefox
07-11,7,0.22222222,0.11111111,FAIL,Microsoft Edge
07-12,7,-1999999998,-999999999,FAIL,Google Chrome
07-12,7,-1999999998,-999999999,FAIL,Firefox
07-12,7,-1999999998,-999999999,FAIL,Microsoft Edge
07-13,7,0,0,PASS,Google Chrome
07-13,7,0,0,PASS,Firefox
07-13,7,0,0,PASS,Microsoft Edge
07-14,7,0,0,PASS,Google Chrome
07-14,7,0,0,PASS,Firefox
07-14,7,0,0,PASS,Microsoft Edge
07-15,7,0.00000001,0,FAIL,Google Chrome
07-15,7,0.00000001,0,FAIL,Firefox
07-15,7,0.00000001,0,FAIL,Microsoft Edge
07-16,7,0,-1,FAIL,Google Chrome
07-16,7,0,-1,FAIL,Firefox
07-16,7,0,-1,FAIL,Microsoft Edge
07-17,7,0,0,PASS,Google Chrome
07-17,7,0,0,PASS,Firefox
07-17,7,0,0,PASS,Microsoft Edge
07-18,7,1999999998,999999999,FAIL,Google Chrome
07-18,7,1999999998,999999999,FAIL,Firefox
07-18,7,1999999998,999999999,FAIL,Microsoft Edge
07-19,7,-1999999998,-999999999,FAIL,Google Chrome
07-19,7,-1999999998,-999999999,FAIL,Firefox
07-19,7,-1999999998,-999999999,FAIL,Microsoft Edge
07-20,7,-19999999,-1,FAIL,Google Chrome
07-20,7,-19999999,-1,FAIL,Firefox
07-20,7,-19999999,-1,FAIL,Microsoft Edge
07-21,7,-2.1,-0.1,FAIL,Google Chrome
07-21,7,-2.1,-0.1,FAIL,Firefox
07-21,7,-2.1,-0.1,FAIL,Microsoft Edge
07-22,7,0.1,-1.9,FAIL,Google Chrome
07-22,7,0.1,-1.9,FAIL,Firefox
07-22,7,0.1,-1.9,FAIL,Microsoft Edge
07-23,7,NONE,-1,FAIL,Google Chrome
07-23,7,NONE,-1,FAIL,Firefox
07-23,7,NONE,-1,FAIL,Microsoft Edge
07-24,7,NONE,NONE,PASS,Google Chrome
07-24,7,NONE,NONE,PASS,Firefox
07-24,7,NONE,NONE,PASS,Microsoft Edge
07-25,7,0,-1,FAIL,Google Chrome
07-25,7,0,-1,FAIL,Firefox
07-25,7,0,-1,FAIL,Microsoft Edge
07-26,7,3.45,1.55,FAIL,Google Chrome
07-26,7,3.45,1.55,FAIL,Firefox
07-26,7,3.45,1.55,FAIL,Microsoft Edge
07-27,7,-0.1000001,-0.1,FAIL,Google Chrome
07-27,7,-0.1000001,-0.1,FAIL,Firefox
07-27,7,-0.1000001,-0.1,FAIL,Microsoft Edge
07-28,7,-1999999998,-999999999,FAIL,Google Chrome
07-28,7,-1999999998,-999999999,FAIL,Firefox
07-28,7,-1999999998,-999999999,FAIL,Microsoft Edge
07-29,7,0.022,0,FAIL,Google Chrome
07-29,7,0.022,0,FAIL,Firefox
07-29,7,0.022,0,FAIL,Microsoft Edge
07-30,7,10,0,FAIL,Google Chrome
07-30,7,10,0,FAIL,Firefox
07-30,7,10,0,FAIL,Microsoft Edge
07-31,7,0.11,0,FAIL,Google Chrome
07-31,7,0.11,0,FAIL,Firefox
07-31,7,0.11,0,FAIL,Microsoft Edge
07-32,7,0,0,PASS,Google Chrome
07-32,7,0,0,PASS,Firefox
07-32,7,0,0,PASS,Microsoft Edge
07-33,7,10100,0,FAIL,Google Chrome
07-33,7,10100,0,FAIL,Firefox
07-33,7,10100,0,FAIL,Microsoft Edge
07-34,7,2.2,0,FAIL,Google Chrome
07-34,7,2.2,0,FAIL,Firefox
07-34,7,2.2,0,FAIL,Microsoft Edge
07-35,7,NONE,NONE,PASS,Google Chrome
07-35,7,NONE,NONE,PASS,Firefox
07-35,7,NONE,NONE,PASS,Microsoft Edge
07-36,7,NONE,0,FAIL,Google Chrome
07-36,7,NONE,0,FAIL,Firefox
07-36,7,NONE,0,FAIL,Microsoft Edge
07-37,7,11,0,FAIL,Google Chrome
07-37,7,11,0,FAIL,Firefox
07-37,7,11,0,FAIL,Microsoft Edge
07-38,7,9,0,FAIL,Google Chrome
07-38,7,9,0,FAIL,Firefox
07-38,7,9,0,FAIL,Microsoft Edge
07-39,7,0,0,PASS,Google Chrome
07-39,7,0,0,PASS,Firefox
07-39,7,0,0,PASS,Microsoft Edge
07-40,7,0,0,PASS,Google Chrome
07-40,7,0,0,PASS,Firefox
07-40,7,0,0,PASS,Microsoft Edge
07-41,7,NONE,NONE,PASS,Google Chrome
07-41,7,NONE,NONE,PASS,Firefox
07-41,7,NONE,NONE,PASS,Microsoft Edge
07-42,7,0.02,0,FAIL,Google Chrome
07-42,7,0.02,0,FAIL,Firefox
07-42,7,0.02,0,FAIL,Microsoft Edge
07-43,7,500,0,FAIL,Google Chrome
07-43,7,500,0,FAIL,Firefox
07-43,7,500,0,FAIL,Microsoft Edge
07-44,7,-39999999996,0,FAIL,Google Chrome
07-44,7,-39999999996,0,FAIL,Firefox
07-44,7,-39999999996,0,FAIL,Microsoft Edge
07-45,7,NONE,NONE,PASS,Google Chrome
07-45,7,NONE,NONE,PASS,Firefox
07-45,7,NONE,NONE,PASS,Microsoft Edge
07-46,7,0,0,PASS,Google Chrome
07-46,7,0,0,PASS,Firefox
07-46,7,0,0,PASS,Microsoft Edge
07-47,7,0,0,PASS,Google Chrome
07-47,7,0,0,PASS,Firefox
07-47,7,0,0,PASS,Microsoft Edge
07-48,7,1,0,FAIL,Google Chrome
07-48,7,1,0,FAIL,Firefox
07-48,7,1,0,FAIL,Microsoft Edge
07-49,7,-1,0,FAIL,Google Chrome
07-49,7,-1,0,FAIL,Firefox
07-49,7,-1,0,FAIL,Microsoft Edge
07-50,7,9999999990,0,FAIL,Google Chrome
07-50,7,9999999990,0,FAIL,Firefox
07-50,7,9999999990,0,FAIL,Microsoft Edge
07-51,7,,NONE,FAIL,Google Chrome
07-51,7,,NONE,FAIL,Firefox
07-51,7,,NONE,FAIL,Microsoft Edge
07-52,7,A1,1,FAIL,Google Chrome
07-52,7,A1,1,FAIL,Firefox
07-52,7,A1,1,FAIL,Microsoft Edge
07-53,7,10.1,0.1,FAIL,Google Chrome
07-53,7,10.1,0.1,FAIL,Firefox
07-53,7,10.1,0.1,FAIL,Microsoft Edge
07-54,7,10000000000.1,0.1,FAIL,Google Chrome
07-54,7,10000000000.1,0.1,FAIL,Firefox
07-54,7,10000000000.1,0.1,FAIL,Microsoft Edge
07-55,7,1,1,PASS,Google Chrome
07-55,7,1,1,PASS,Firefox
07-55,7,1,1,PASS,Microsoft Edge
07-56,7,0.1111,NONE,FAIL,Google Chrome
07-56,7,0.1111,NONE,FAIL,Firefox
07-56,7,0.1111,NONE,FAIL,Microsoft Edge
07-57,7,ASDASD,ASD,FAIL,Google Chrome
07-57,7,ASDASD,ASD,FAIL,Firefox
07-57,7,ASDASD,ASD,FAIL,Microsoft Edge
07-58,7,99999999990.00000001,0.00000001,FAIL,Google Chrome
07-58,7,99999999990.00000001,0.00000001,FAIL,Firefox
07-58,7,99999999990.00000001,0.00000001,FAIL,Microsoft Edge
07-59,7,0.11,1,FAIL,Google Chrome
07-59,7,0.11,1,FAIL,Firefox
07-59,7,0.11,1,FAIL,Microsoft Edge
07-60,7,.1.2.0,.2.0,FAIL,Google Chrome
07-60,7,.1.2.0,.2.0,FAIL,Firefox
07-60,7,.1.2.0,.2.0,FAIL,Microsoft Edge
08-01,8,2,2,PASS,Google Chrome
08-01,8,2,2,PASS,Firefox
08-01,8,2,2,PASS,Microsoft Edge
08-02,8,0.3,0.30000000000000004,FAIL,Google Chrome
08-02,8,0.3,0.30000000000000004,FAIL,Firefox
08-02,8,0.3,0.30000000000000004,FAIL,Microsoft Edge
08-03,8,NONE,NONE,PASS,Google Chrome
08-03,8,NONE,NONE,PASS,Firefox
08-03,8,NONE,NONE,PASS,Microsoft Edge
08-04,8,NONE,NONE,PASS,Google Chrome
08-04,8,NONE,NONE,PASS,Firefox
08-04,8,NONE,NONE,PASS,Microsoft Edge
08-05,8,10,10,PASS,Google Chrome
08-05,8,10,10,PASS,Firefox
08-05,8,10,10,PASS,Microsoft Edge
08-06,8,10.1,10.1,PASS,Google Chrome
08-06,8,10.1,10.1,PASS,Firefox
08-06,8,10.1,10.1,PASS,Microsoft Edge
08-07,8,0,0,PASS,Google Chrome
08-07,8,0,0,PASS,Firefox
08-07,8,0,0,PASS,Microsoft Edge
08-08,8,1999999998,1999999998,PASS,Google Chrome
08-08,8,1999999998,1999999998,PASS,Firefox
08-08,8,1999999998,1999999998,PASS,Microsoft Edge
08-09,8,9999999999,9999999999,PASS,Google Chrome
08-09,8,9999999999,9999999999,PASS,Firefox
08-09,8,9999999999,9999999999,PASS,Microsoft Edge
08-10,8,9999999999.1,9999999999.1,PASS,Google Chrome
08-10,8,9999999999.1,9999999999.1,PASS,Firefox
08-10,8,9999999999.1,9999999999.1,PASS,Microsoft Edge
08-11,8,0.22222222,0.22222222,PASS,Google Chrome
08-11,8,0.22222222,0.22222222,PASS,Firefox
08-11,8,0.22222222,0.22222222,PASS,Microsoft Edge
08-12,8,-1999999998,-1999999998,PASS,Google Chrome
08-12,8,-1999999998,-1999999998,PASS,Firefox
08-12,8,-1999999998,-1999999998,PASS,Microsoft Edge
08-13,8,0,0,PASS,Google Chrome
08-13,8,0,0,PASS,Firefox
08-13,8,0,0,PASS,Microsoft Edge
08-14,8,0,1,FAIL,Google Chrome
08-14,8,0,1,FAIL,Firefox
08-14,8,0,1,FAIL,Microsoft Edge
08-15,8,0.00000001,1e-8,FAIL,Google Chrome
08-15,8,0.00000001,1e-8,FAIL,Firefox
08-15,8,0.00000001,1e-8,FAIL,Microsoft Edge
08-16,8,0,0,PASS,Google Chrome
08-16,8,0,0,PASS,Firefox
08-16,8,0,0,PASS,Microsoft Edge
08-17,8,0,0,PASS,Google Chrome
08-17,8,0,0,PASS,Firefox
08-17,8,0,0,PASS,Microsoft Edge
08-18,8,1999999998,-1999999998,FAIL,Google Chrome
08-18,8,1999999998,-1999999998,FAIL,Firefox
08-18,8,1999999998,-1999999998,FAIL,Microsoft Edge
08-19,8,-1999999998,1999999998,FAIL,Google Chrome
08-19,8,-1999999998,1999999998,FAIL,Firefox
08-19,8,-1999999998,1999999998,FAIL,Microsoft Edge
08-20,8,-19999999,1.9999999000000002,FAIL,Google Chrome
08-20,8,-19999999,1.9999999000000002,FAIL,Firefox
08-20,8,-19999999,1.9999999000000002,FAIL,Microsoft Edge
08-21,8,-2.1,2.1,FAIL,Google Chrome
08-21,8,-2.1,2.1,FAIL,Firefox
08-21,8,-2.1,2.1,FAIL,Microsoft Edge
08-22,8,0.1,-0.10000000000000009,FAIL,Google Chrome
08-22,8,0.1,-0.10000000000000009,FAIL,Firefox
08-22,8,0.1,-0.10000000000000009,FAIL,Microsoft Edge
08-23,8,NONE,NONE,PASS,Google Chrome
08-23,8,NONE,NONE,PASS,Firefox
08-23,8,NONE,NONE,PASS,Microsoft Edge
08-24,8,NONE,NONE,PASS,Google Chrome
08-24,8,NONE,NONE,PASS,Firefox
08-24,8,NONE,NONE,PASS,Microsoft Edge
08-25,8,0,0,PASS,Google Chrome
08-25,8,0,0,PASS,Firefox
08-25,8,0,0,PASS,Microsoft Edge
08-26,8,3.45,-3.45,FAIL,Google Chrome
08-26,8,3.45,-3.45,FAIL,Firefox
08-26,8,3.45,-3.45,FAIL,Microsoft Edge
08-27,8,-0.1000001,0.10000010000000001,FAIL,Google Chrome
08-27,8,-0.1000001,0.10000010000000001,FAIL,Firefox
08-27,8,-0.1000001,0.10000010000000001,FAIL,Microsoft Edge
08-28,8,-1999999998,1999999998,FAIL,Google Chrome
08-28,8,-1999999998,1999999998,FAIL,Firefox
08-28,8,-1999999998,1999999998,FAIL,Microsoft Edge
08-29,8,0.022,0.022000000000000002,FAIL,Google Chrome
08-29,8,0.022,0.022000000000000002,FAIL,Firefox
08-29,8,0.022,0.022000000000000002,FAIL,Microsoft Edge
08-30,8,10,10,PASS,Google Chrome
08-30,8,10,10,PASS,Firefox
08-30,8,10,10,PASS,Microsoft Edge
08-31,8,0.11,0.11000000000000001,FAIL,Google Chrome
08-31,8,0.11,0.11000000000000001,FAIL,Firefox
08-31,8,0.11,0.11000000000000001,FAIL,Microsoft Edge
08-32,8,0,0,PASS,Google Chrome
08-32,8,0,0,PASS,Firefox
08-32,8,0,0,PASS,Microsoft Edge
08-33,8,10100,10100,PASS,Google Chrome
08-33,8,10100,10100,PASS,Firefox
08-33,8,10100,10100,PASS,Microsoft Edge
08-34,8,2.2,2,FAIL,Google Chrome
08-34,8,2.2,2,FAIL,Firefox
08-34,8,2.2,2,FAIL,Microsoft Edge
08-35,8,NONE,NONE,PASS,Google Chrome
08-35,8,NONE,NONE,PASS,Firefox
08-35,8,NONE,NONE,PASS,Microsoft Edge
08-36,8,NONE,NONE,PASS,Google Chrome
08-36,8,NONE,NONE,PASS,Firefox
08-36,8,NONE,NONE,PASS,Microsoft Edge
08-37,8,11,11,PASS,Google Chrome
08-37,8,11,11,PASS,Firefox
08-37,8,11,11,PASS,Microsoft Edge
08-38,8,9,9,PASS,Google Chrome
08-38,8,9,9,PASS,Firefox
08-38,8,9,9,PASS,Microsoft Edge
08-39,8,0,0,PASS,Google Chrome
08-39,8,0,0,PASS,Firefox
08-39,8,0,0,PASS,Microsoft Edge
08-40,8,0,0,PASS,Google Chrome
08-40,8,0,0,PASS,Firefox
08-40,8,0,0,PASS,Microsoft Edge
08-41,8,NONE,NONE,PASS,Google Chrome
08-41,8,NONE,NONE,PASS,Firefox
08-41,8,NONE,NONE,PASS,Microsoft Edge
08-42,8,0.02,50,FAIL,Google Chrome
08-42,8,0.02,50,FAIL,Firefox
08-42,8,0.02,50,FAIL,Microsoft Edge
08-43,8,500,0.002,FAIL,Google Chrome
08-43,8,500,0.002,FAIL,Firefox
08-43,8,500,0.002,FAIL,Microsoft Edge
08-44,8,-39999999996,-2,FAIL,Google Chrome
08-44,8,-39999999996,-2,FAIL,Firefox
08-44,8,-39999999996,-2,FAIL,Microsoft Edge
08-45,8,NONE,NONE,PASS,Google Chrome
08-45,8,NONE,NONE,PASS,Firefox
08-45,8,NONE,NONE,PASS,Microsoft Edge
08-46,8,0,NONE,FAIL,Google Chrome
08-46,8,0,NONE,FAIL,Firefox
08-46,8,0,NONE,FAIL,Microsoft Edge
08-47,8,0,NONE,FAIL,Google Chrome
08-47,8,0,NONE,FAIL,Firefox
08-47,8,0,NONE,FAIL,Microsoft Edge
08-48,8,1,1,PASS,Google Chrome
08-48,8,1,1,PASS,Firefox
08-48,8,1,1,PASS,Microsoft Edge
08-49,8,-1,-0.09999999991,FAIL,Google Chrome
08-49,8,-1,-0.09999999991,FAIL,Firefox
08-49,8,-1,-0.09999999991,FAIL,Microsoft Edge
08-50,8,9999999990,1.0000000001000001e-11,FAIL,Google Chrome
08-50,8,9999999990,1.0000000001000001e-11,FAIL,Firefox
08-50,8,9999999990,1.0000000001000001e-11,FAIL,Microsoft Edge
08-51,8,,NONE,FAIL,Google Chrome
08-51,8,,NONE,FAIL,Firefox
08-51,8,,NONE,FAIL,Microsoft Edge
08-52,8,A1,1A,FAIL,Google Chrome
08-52,8,A1,1A,FAIL,Firefox
08-52,8,A1,1A,FAIL,Microsoft Edge
08-53,8,10.1,0.11,FAIL,Google Chrome
08-53,8,10.1,0.11,FAIL,Firefox
08-53,8,10.1,0.11,FAIL,Microsoft Edge
08-54,8,10000000000.1,0.11000000000,FAIL,Google Chrome
08-54,8,10000000000.1,0.11000000000,FAIL,Firefox
08-54,8,10000000000.1,0.11000000000,FAIL,Microsoft Edge
08-55,8,1,1,PASS,Google Chrome
08-55,8,1,1,PASS,Firefox
08-55,8,1,1,PASS,Microsoft Edge
08-56,8,0.1111,0.1111,PASS,Google Chrome
08-56,8,0.1111,0.1111,PASS,Firefox
08-56,8,0.1111,0.1111,PASS,Microsoft Edge
08-57,8,ASDASD,ASDASD,PASS,Google Chrome
08-57,8,ASDASD,ASDASD,PASS,Firefox
08-57,8,ASDASD,ASDASD,PASS,Microsoft Edge
08-58,8,99999999990.00000001,0.000000019999999999,FAIL,Google Chrome
08-58,8,99999999990.00000001,0.000000019999999999,FAIL,Firefox
08-58,8,99999999990.00000001,0.000000019999999999,FAIL,Microsoft Edge
08-59,8,0.11,10.1,FAIL,Google Chrome
08-59,8,0.11,10.1,FAIL,Firefox
08-59,8,0.11,10.1,FAIL,Microsoft Edge
08-60,8,.1.2.0,.2.0.1,FAIL,Google Chrome
08-60,8,.1.2.0,.2.0.1,FAIL,Firefox
08-60,8,.1.2.0,.2.0.1,FAIL,Microsoft Edge
09-01,9,2,NONE,FAIL,Google Chrome
09-01,9,2,NONE,FAIL,Firefox
09-01,9,2,NONE,FAIL,Microsoft Edge
09-02,9,0.3,NONE,FAIL,Google Chrome
09-02,9,0.3,NONE,FAIL,Firefox
09-02,9,0.3,NONE,FAIL,Microsoft Edge
09-03,9,NONE,NONE,FAIL,Google Chrome
09-03,9,NONE,NONE,FAIL,Firefox
09-03,9,NONE,NONE,FAIL,Microsoft Edge
09-04,9,NONE,NONE,FAIL,Google Chrome
09-04,9,NONE,NONE,FAIL,Firefox
09-04,9,NONE,NONE,FAIL,Microsoft Edge
09-05,9,10,NONE,FAIL,Google Chrome
09-05,9,10,NONE,FAIL,Firefox
09-05,9,10,NONE,FAIL,Microsoft Edge
09-06,9,10.1,NONE,FAIL,Google Chrome
09-06,9,10.1,NONE,FAIL,Firefox
09-06,9,10.1,NONE,FAIL,Microsoft Edge
09-07,9,0,NONE,FAIL,Google Chrome
09-07,9,0,NONE,FAIL,Firefox
09-07,9,0,NONE,FAIL,Microsoft Edge
09-08,9,1999999998,NONE,FAIL,Google Chrome
09-08,9,1999999998,NONE,FAIL,Firefox
09-08,9,1999999998,NONE,FAIL,Microsoft Edge
09-09,9,9999999999,NONE,FAIL,Google Chrome
09-09,9,9999999999,NONE,FAIL,Firefox
09-09,9,9999999999,NONE,FAIL,Microsoft Edge
09-10,9,9999999999.1,NONE,FAIL,Google Chrome
09-10,9,9999999999.1,NONE,FAIL,Firefox
09-10,9,9999999999.1,NONE,FAIL,Microsoft Edge
09-11,9,0.22222222,NONE,FAIL,Google Chrome
09-11,9,0.22222222,NONE,FAIL,Firefox
09-11,9,0.22222222,NONE,FAIL,Microsoft Edge
09-12,9,-1999999998,NONE,FAIL,Google Chrome
09-12,9,-1999999998,NONE,FAIL,Firefox
09-12,9,-1999999998,NONE,FAIL,Microsoft Edge
09-13,9,0,NONE,FAIL,Google Chrome
09-13,9,0,NONE,FAIL,Firefox
09-13,9,0,NONE,FAIL,Microsoft Edge
09-14,9,0,NONE,FAIL,Google Chrome
09-14,9,0,NONE,FAIL,Firefox
09-14,9,0,NONE,FAIL,Microsoft Edge
09-15,9,0.00000001,NONE,FAIL,Google Chrome
09-15,9,0.00000001,NONE,FAIL,Firefox
09-15,9,0.00000001,NONE,FAIL,Microsoft Edge
09-16,9,0,NONE,FAIL,Google Chrome
09-16,9,0,NONE,FAIL,Firefox
09-16,9,0,NONE,FAIL,Microsoft Edge
09-17,9,0,NONE,FAIL,Google Chrome
09-17,9,0,NONE,FAIL,Firefox
09-17,9,0,NONE,FAIL,Microsoft Edge
09-18,9,1999999998,NONE,FAIL,Google Chrome
09-18,9,1999999998,NONE,FAIL,Firefox
09-18,9,1999999998,NONE,FAIL,Microsoft Edge
09-19,9,-1999999998,NONE,FAIL,Google Chrome
09-19,9,-1999999998,NONE,FAIL,Firefox
09-19,9,-1999999998,NONE,FAIL,Microsoft Edge
09-20,9,-19999999,NONE,FAIL,Google Chrome
09-20,9,-19999999,NONE,FAIL,Firefox
09-20,9,-19999999,NONE,FAIL,Microsoft Edge
09-21,9,-2.1,NONE,FAIL,Google Chrome
09-21,9,-2.1,NONE,FAIL,Firefox
09-21,9,-2.1,NONE,FAIL,Microsoft Edge
09-22,9,0.1,NONE,FAIL,Google Chrome
09-22,9,0.1,NONE,FAIL,Firefox
09-22,9,0.1,NONE,FAIL,Microsoft Edge
09-23,9,NONE,NONE,FAIL,Google Chrome
09-23,9,NONE,NONE,FAIL,Firefox
09-23,9,NONE,NONE,FAIL,Microsoft Edge
09-24,9,NONE,NONE,FAIL,Google Chrome
09-24,9,NONE,NONE,FAIL,Firefox
09-24,9,NONE,NONE,FAIL,Microsoft Edge
09-25,9,0,NONE,FAIL,Google Chrome
09-25,9,0,NONE,FAIL,Firefox
09-25,9,0,NONE,FAIL,Microsoft Edge
09-26,9,3.45,NONE,FAIL,Google Chrome
09-26,9,3.45,NONE,FAIL,Firefox
09-26,9,3.45,NONE,FAIL,Microsoft Edge
09-27,9,-0.1000001,NONE,FAIL,Google Chrome
09-27,9,-0.1000001,NONE,FAIL,Firefox
09-27,9,-0.1000001,NONE,FAIL,Microsoft Edge
09-28,9,-1999999998,NONE,FAIL,Google Chrome
09-28,9,-1999999998,NONE,FAIL,Firefox
09-28,9,-1999999998,NONE,FAIL,Microsoft Edge
09-29,9,0.022,NONE,FAIL,Google Chrome
09-29,9,0.022,NONE,FAIL,Firefox
09-29,9,0.022,NONE,FAIL,Microsoft Edge
09-30,9,10,NONE,FAIL,Google Chrome
09-30,9,10,NONE,FAIL,Firefox
09-30,9,10,NONE,FAIL,Microsoft Edge
09-31,9,0.11,NONE,FAIL,Google Chrome
09-31,9,0.11,NONE,FAIL,Firefox
09-31,9,0.11,NONE,FAIL,Microsoft Edge
09-32,9,0,NONE,FAIL,Google Chrome
09-32,9,0,NONE,FAIL,Firefox
09-32,9,0,NONE,FAIL,Microsoft Edge
09-33,9,10100,NONE,FAIL,Google Chrome
09-33,9,10100,NONE,FAIL,Firefox
09-33,9,10100,NONE,FAIL,Microsoft Edge
09-34,9,2.2,NONE,FAIL,Google Chrome
09-34,9,2.2,NONE,FAIL,Firefox
09-34,9,2.2,NONE,FAIL,Microsoft Edge
09-35,9,NONE,NONE,FAIL,Google Chrome
09-35,9,NONE,NONE,FAIL,Firefox
09-35,9,NONE,NONE,FAIL,Microsoft Edge
09-36,9,NONE,NONE,FAIL,Google Chrome
09-36,9,NONE,NONE,FAIL,Firefox
09-36,9,NONE,NONE,FAIL,Microsoft Edge
09-37,9,11,NONE,FAIL,Google Chrome
09-37,9,11,NONE,FAIL,Firefox
09-37,9,11,NONE,FAIL,Microsoft Edge
09-38,9,9,NONE,FAIL,Google Chrome
09-38,9,9,NONE,FAIL,Firefox
09-38,9,9,NONE,FAIL,Microsoft Edge
09-39,9,0,NONE,FAIL,Google Chrome
09-39,9,0,NONE,FAIL,Firefox
09-39,9,0,NONE,FAIL,Microsoft Edge
09-40,9,0,NONE,FAIL,Google Chrome
09-40,9,0,NONE,FAIL,Firefox
09-40,9,0,NONE,FAIL,Microsoft Edge
09-41,9,NONE,NONE,FAIL,Google Chrome
09-41,9,NONE,NONE,FAIL,Firefox
09-41,9,NONE,NONE,FAIL,Microsoft Edge
09-42,9,0.02,NONE,FAIL,Google Chrome
09-42,9,0.02,NONE,FAIL,Firefox
09-42,9,0.02,NONE,FAIL,Microsoft Edge
09-43,9,500,NONE,FAIL,Google Chrome
09-43,9,500,NONE,FAIL,Firefox
09-43,9,500,NONE,FAIL,Microsoft Edge
09-44,9,-39999999996,NONE,FAIL,Google Chrome
09-44,9,-39999999996,NONE,FAIL,Firefox
09-44,9,-39999999996,NONE,FAIL,Microsoft Edge
09-45,9,NONE,NONE,FAIL,Google Chrome
09-45,9,NONE,NONE,FAIL,Firefox
09-45,9,NONE,NONE,FAIL,Microsoft Edge
09-46,9,0,NONE,FAIL,Google Chrome
09-46,9,0,NONE,FAIL,Firefox
09-46,9,0,NONE,FAIL,Microsoft Edge
09-47,9,0,NONE,FAIL,Google Chrome
09-47,9,0,NONE,FAIL,Firefox
09-47,9,0,NONE,FAIL,Microsoft Edge
09-48,9,1,NONE,FAIL,Google Chrome
09-48,9,1,NONE,FAIL,Firefox
09-48,9,1,NONE,FAIL,Microsoft Edge
09-49,9,-1,NONE,FAIL,Google Chrome
09-49,9,-1,NONE,FAIL,Firefox
09-49,9,-1,NONE,FAIL,Microsoft Edge
09-50,9,9999999990,NONE,FAIL,Google Chrome
09-50,9,9999999990,NONE,FAIL,Firefox
09-50,9,9999999990,NONE,FAIL,Microsoft Edge
09-51,9,,NONE,FAIL,Google Chrome
09-51,9,,NONE,FAIL,Firefox
09-51,9,,NONE,FAIL,Microsoft Edge
09-52,9,A1,NONE,FAIL,Google Chrome
09-52,9,A1,NONE,FAIL,Firefox
09-52,9,A1,NONE,FAIL,Microsoft Edge
09-53,9,10.1,NONE,FAIL,Google Chrome
09-53,9,10.1,NONE,FAIL,Firefox
09-53,9,10.1,NONE,FAIL,Microsoft Edge
09-54,9,10000000000.1,NONE,FAIL,Google Chrome
09-54,9,10000000000.1,NONE,FAIL,Firefox
09-54,9,10000000000.1,NONE,FAIL,Microsoft Edge
09-55,9,1,NONE,FAIL,Google Chrome
09-55,9,1,NONE,FAIL,Firefox
09-55,9,1,NONE,FAIL,Microsoft Edge
09-56,9,0.1111,NONE,FAIL,Google Chrome
09-56,9,0.1111,NONE,FAIL,Firefox
09-56,9,0.1111,NONE,FAIL,Microsoft Edge
09-57,9,ASDASD,NONE,FAIL,Google Chrome
09-57,9,ASDASD,NONE,FAIL,Firefox
09-57,9,ASDASD,NONE,FAIL,Microsoft Edge
09-58,9,99999999990.00000001,NONE,FAIL,Google Chrome
09-58,9,99999999990.00000001,NONE,FAIL,Firefox
09-58,9,99999999990.00000001,NONE,FAIL,Microsoft Edge
09-59,9,0.11,NONE,FAIL,Google Chrome
09-59,9,0.11,NONE,FAIL,Firefox
09-59,9,0.11,NONE,FAIL,Microsoft Edge
09-60,9,.1.2.0,NONE,FAIL,Google Chrome
09-60,9,.1.2.0,NONE,FAIL,Firefox
09-60,9,.1.2.0,NONE,FAIL,Microsoft Edge
